id_badan_usaha,bentuk_badan_hukum,kode_kbli,sektor_industri,skala_usaha,provinsi,ump_provinsi_2026,jumlah_pekerja_seharusnya_saat_ini,jumlah_pekerja_terdaftar_saat_ini,selisih_pekerja_saat_ini,rasio_kepatuhan_naker_saat_ini,rata_rata_upah_seharusnya_saat_ini,rata_rata_upah_dilaporkan_saat_ini,selisih_upah_saat_ini,rasio_pelaporan_upah_saat_ini,status_bayar_terakhir,durasi_masalah_aktif_bulan,tren_perkembangan_gap,rata_rata_selisih_naker_24bln,maksimal_selisih_naker_24bln,rata_rata_selisih_upah_24bln,maksimal_selisih_upah_24bln,total_kerugian_iuran_historis_rp,frekuensi_keterlambatan_bayar_24bln,durasi_masalah_terpanjang_bulan,pernah_diintervensi_wasrik,riwayat_pernah_residivis,target_kategori_masalah,target_tingkat_urgensi,target_rekomendasi_tindakan,target_potensi_kerugian_iuran_bln_ini_rp
BU-0001,PT,F,Konstruksi & Infrastruktur,Menengah,Jawa Barat,2317601,106,53,53,50.0,3170000.0,2694000.0,476000.0,84.98,Menunggak,17,Persisten Memburuk,34.17,55,303000.0,476000.0,268617200,17,17,1,0,PDS Kombinasi,Tinggi,Surat Teguran Tertulis I & Jadwal Audit Wasrik Lapangan,16801000
BU-0002,PT,C,Industri Pengolahan / Manufaktur,Kecil,Jawa Timur,2446880,40,40,0,100.0,3266000.0,3266000.0,0.0,100.0,Tepat Waktu,0,Stabil Patuh,0.0,0,0.0,0.0,0,0,0,0,0,Patuh,Normal,Tidak Perlu Tindakan,0
BU-0003,PT,K,"Jasa Keuangan, Pembiayaan dan Asuransi",Menengah,DKI Jakarta,5729876,158,158,0,100.0,8937000.0,8937000.0,0.0,100.0,Tepat Waktu,0,Stabil Patuh,0.0,0,0.0,0.0,134633950,3,3,1,0,Patuh,Normal,Tidak Perlu Tindakan,0
BU-0004,PT,F,Konstruksi & Infrastruktur,Besar,Jawa Tengah,2327386,469,469,0,100.0,6149000.0,6149000.0,0.0,100.0,Tepat Waktu,0,Stabil Patuh,0.0,0,0.0,0.0,0,0,0,0,0,Patuh,Normal,Tidak Perlu Tindakan,0
BU-0005,Koperasi,K,"Jasa Keuangan, Pembiayaan dan Asuransi",Kecil,Riau,3780495,16,16,0,100.0,5301000.0,5301000.0,0.0,100.0,Tepat Waktu,0,Stabil Patuh,0.0,0,0.0,0.0,0,0,0,0,0,Patuh,Normal,Tidak Perlu Tindakan,0
BU-0006,Koperasi,N,Jasa Penunjang Usaha (Alih Daya / Outsourcing / Security),Kecil,DKI Jakarta,5729876,30,30,0,100.0,7335000.0,7335000.0,0.0,100.0,Tepat Waktu,0,Stabil Patuh,0.0,0,0.0,0.0,0,0,0,0,0,Patuh,Normal,Tidak Perlu Tindakan,0
BU-0007,CV,F,Konstruksi & Infrastruktur,Menengah,Banten,3100881,190,190,0,100.0,6097000.0,6097000.0,0.0,100.0,Tepat Waktu,0,Stabil Patuh,0.0,0,0.0,0.0,0,0,0,0,0,Patuh,Normal,Tidak Perlu Tindakan,0
BU-0008,CV,H,"Transportasi, Pergudangan & Logistik",Kecil,DKI Jakarta,5729876,29,29,0,100.0,8637000.0,8637000.0,0.0,100.0,Tepat Waktu,0,Stabil Patuh,0.0,0,0.0,0.0,0,0,0,0,0,Patuh,Normal,Tidak Perlu Tindakan,0
BU-0009,PT,I,Penyediaan Akomodasi dan F&B (Restoran & Hotel),Kecil,Banten,3100881,38,38,0,100.0,3689000.0,3689000.0,0.0,100.0,Tepat Waktu,0,Stabil Patuh,0.0,0,35750.0,364000.0,1743300,0,3,1,0,Patuh,Normal,Tidak Perlu Tindakan,0
BU-0010,CV,A,"Pertanian, Perkebunan Kelapa Sawit & Kehutanan",Mikro,Banten,3100881,5,5,0,100.0,3477000.0,3477000.0,0.0,100.0,Tepat Waktu,0,Stabil Patuh,0.12,1,0.0,0.0,497100,0,3,1,0,Patuh,Normal,Tidak Perlu Tindakan,0
BU-0011,CV,K,"Jasa Keuangan, Pembiayaan dan Asuransi",Mikro,Jawa Timur,2446880,6,6,0,100.0,3632000.0,3632000.0,0.0,100.0,Tepat Waktu,0,Stabil Patuh,0.0,0,0.0,0.0,0,0,0,0,0,Patuh,Normal,Tidak Perlu Tindakan,0
BU-0012,CV,I,Penyediaan Akomodasi dan F&B (Restoran & Hotel),Menengah,Sulawesi Selatan,3921088,56,28,28,50.0,8430000.0,8430000.0,0.0,100.0,Tepat Waktu,5,Persisten Memburuk,7.08,28,0.0,0.0,70992600,0,5,1,1,PDS Tenaga Kerja,Tinggi,Surat Teguran Tertulis I & Jadwal Audit Wasrik Lapangan,11802000
BU-0013,CV,A,"Pertanian, Perkebunan Kelapa Sawit & Kehutanan",Menengah,Jawa Barat,2317601,134,134,0,100.0,4630000.0,4630000.0,0.0,100.0,Tepat Waktu,0,Stabil Patuh,0.0,0,0.0,0.0,0,0,0,0,0,Patuh,Normal,Tidak Perlu Tindakan,0
BU-0014,PT,F,Konstruksi & Infrastruktur,Kecil,Banten,3100881,13,13,0,100.0,3650000.0,3650000.0,0.0,100.0,Tepat Waktu,0,Stabil Patuh,0.0,0,0.0,0.0,0,0,0,0,0,Patuh,Normal,Tidak Perlu Tindakan,0
BU-0015,Koperasi,A,"Pertanian, Perkebunan Kelapa Sawit & Kehutanan",Kecil,DKI Jakarta,5729876,46,23,23,50.0,8644000.0,7347000.0,1297000.0,85.0,Menunggak,19,Persisten Memburuk,15.12,23,929416.67,1297000.0,321326950,19,19,1,0,PDS Kombinasi,Tinggi,Surat Teguran Tertulis I & Jadwal Audit Wasrik Lapangan,19881200
BU-0016,CV,A,"Pertanian, Perkebunan Kelapa Sawit & Kehutanan",Kecil,Jawa Tengah,2327386,28,28,0,100.0,2526000.0,2526000.0,0.0,100.0,Tepat Waktu,0,Stabil Patuh,0.0,0,0.0,0.0,0,0,0,0,0,Patuh,Normal,Tidak Perlu Tindakan,0
BU-0017,PT,C,Industri Pengolahan / Manufaktur,Besar,Jawa Timur,2446880,535,535,0,100.0,3658000.0,3658000.0,0.0,100.0,Tepat Waktu,0,Stabil Patuh,0.0,0,0.0,0.0,0,0,0,0,0,Patuh,Normal,Tidak Perlu Tindakan,0
BU-0018,CV,K,"Jasa Keuangan, Pembiayaan dan Asuransi",Besar,Sumatera Utara,3228949,683,341,342,49.93,8539000.0,7258000.0,1281000.0,85.0,Menunggak,19,Persisten Memburuk,248.62,344,919208.33,1281000.0,5230818450,19,19,1,0,PDS Kombinasi,Tinggi,Surat Teguran Tertulis I & Jadwal Audit Wasrik Lapangan,291606850
BU-0019,CV,J,Informasi dan Komunikasi / Teknologi,Mikro,Jawa Timur,2446880,8,4,4,50.0,3043000.0,2587000.0,456000.0,85.01,Menunggak,20,Persisten Memburuk,1.79,4,345416.67,456000.0,13345450,20,20,1,0,PDS Kombinasi,Tinggi,Surat Teguran Tertulis I & Jadwal Audit Wasrik Lapangan,1217200
BU-0020,CV,G,Perdagangan Besar dan Eceran,Kecil,DKI Jakarta,5729876,37,37,0,100.0,6689000.0,6689000.0,0.0,100.0,Tepat Waktu,0,Stabil Patuh,0.0,0,0.0,0.0,0,0,0,0,0,Patuh,Normal,Tidak Perlu Tindakan,0
BU-0021,Koperasi,A,"Pertanian, Perkebunan Kelapa Sawit & Kehutanan",Menengah,Jawa Barat,2317601,105,105,0,100.0,3234000.0,3234000.0,0.0,100.0,Tepat Waktu,0,Stabil Patuh,0.0,0,0.0,0.0,0,0,0,0,0,Patuh,Normal,Tidak Perlu Tindakan,0
BU-0022,PT,J,Informasi dan Komunikasi / Teknologi,Kecil,Jawa Barat,2317601,38,38,0,100.0,2796000.0,2796000.0,0.0,100.0,Tepat Waktu,0,Stabil Patuh,0.0,0,0.0,0.0,0,0,0,0,0,Patuh,Normal,Tidak Perlu Tindakan,0
BU-0023,PT,N,Jasa Penunjang Usaha (Alih Daya / Outsourcing / Security),Mikro,DKI Jakarta,5729876,3,3,0,100.0,8125000.0,8125000.0,0.0,100.0,Tepat Waktu,0,Stabil Patuh,0.0,0,0.0,0.0,2297400,3,3,1,0,Patuh,Normal,Tidak Perlu Tindakan,0
BU-0024,Koperasi,F,Konstruksi & Infrastruktur,Kecil,Bali,3207459,48,48,0,100.0,3502000.0,3502000.0,0.0,100.0,Tepat Waktu,0,Stabil Patuh,0.0,0,12317.62,98541.0,729202,0,3,1,0,Patuh,Normal,Tidak Perlu Tindakan,0
BU-0025,CV,C,Industri Pengolahan / Manufaktur,Menengah,DKI Jakarta,5729876,202,202,0,100.0,10151000.0,10151000.0,0.0,100.0,Tepat Waktu,0,Stabil Patuh,0.0,0,0.0,0.0,191386800,3,3,1,0,Patuh,Normal,Tidak Perlu Tindakan,0
BU-0026,Yayasan,G,Perdagangan Besar dan Eceran,Mikro,Jawa Tengah,2327386,12,12,0,100.0,2832000.0,2832000.0,0.0,100.0,Tepat Waktu,0,Stabil Patuh,0.0,0,27416.67,279000.0,397800,0,3,1,0,Patuh,Normal,Tidak Perlu Tindakan,0
BU-0027,PT,A,"Pertanian, Perkebunan Kelapa Sawit & Kehutanan",Menengah,Jawa Barat,2317601,70,70,0,100.0,4881000.0,4881000.0,0.0,100.0,Tepat Waktu,0,Stabil Patuh,0.0,0,0.0,0.0,0,0,0,0,0,Patuh,Normal,Tidak Perlu Tindakan,0
BU-0028,PT,F,Konstruksi & Infrastruktur,Mikro,Jawa Timur,2446880,4,4,0,100.0,3418000.0,3418000.0,0.0,100.0,Tepat Waktu,0,Stabil Patuh,0.0,0,0.0,0.0,0,0,0,0,0,Patuh,Normal,Tidak Perlu Tindakan,0
BU-0029,CV,I,Penyediaan Akomodasi dan F&B (Restoran & Hotel),Menengah,Jawa Barat,2317601,64,64,0,100.0,2998000.0,2998000.0,0.0,100.0,Tepat Waktu,0,Stabil Patuh,0.0,0,0.0,0.0,0,0,0,0,0,Patuh,Normal,Tidak Perlu Tindakan,0
BU-0030,PT,I,Penyediaan Akomodasi dan F&B (Restoran & Hotel),Kecil,Jawa Timur,2446880,44,44,0,100.0,3208000.0,3208000.0,0.0,100.0,Tepat Waktu,0,Stabil Patuh,0.0,0,0.0,0.0,11490000,3,3,1,0,Patuh,Normal,Tidak Perlu Tindakan,0
BU-0031,CV,H,"Transportasi, Pergudangan & Logistik",Menengah,DKI Jakarta,5729876,154,154,0,100.0,7787000.0,7787000.0,0.0,100.0,Tepat Waktu,0,Stabil Patuh,0.0,0,75125.0,765000.0,14189050,0,3,1,0,Patuh,Normal,Tidak Perlu Tindakan,0
BU-0032,PT,F,Konstruksi & Infrastruktur,Kecil,Jawa Timur,2446880,53,53,0,100.0,3485000.0,3485000.0,0.0,100.0,Tepat Waktu,0,Stabil Patuh,0.0,0,33750.0,344000.0,1991900,0,3,1,0,Patuh,Normal,Tidak Perlu Tindakan,0
BU-0033,Yayasan,G,Perdagangan Besar dan Eceran,Mikro,Jawa Timur,2446880,3,3,0,100.0,3605000.0,3605000.0,0.0,100.0,Tepat Waktu,0,Stabil Patuh,0.0,0,0.0,0.0,0,0,0,0,0,Patuh,Normal,Tidak Perlu Tindakan,0
BU-0034,PT,Q,Aktivitas Pelayanan Kesehatan & Rumah Sakit Swasta,Menengah,DKI Jakarta,5729876,132,132,0,100.0,8712000.0,8712000.0,0.0,100.0,Tepat Waktu,0,Stabil Patuh,0.0,0,0.0,0.0,0,0,0,0,0,Patuh,Normal,Tidak Perlu Tindakan,0
BU-0035,Koperasi,I,Penyediaan Akomodasi dan F&B (Restoran & Hotel),Besar,Jawa Barat,2317601,556,556,0,100.0,5569000.0,5569000.0,0.0,100.0,Tepat Waktu,0,Stabil Patuh,0.0,0,0.0,0.0,0,0,0,0,0,Patuh,Normal,Tidak Perlu Tindakan,0
BU-0036,PT,I,Penyediaan Akomodasi dan F&B (Restoran & Hotel),Menengah,Jawa Barat,2317601,55,55,0,100.0,3098000.0,3098000.0,0.0,100.0,Tepat Waktu,0,Stabil Patuh,0.0,0,0.0,0.0,0,0,0,0,0,Patuh,Normal,Tidak Perlu Tindakan,0
BU-0037,PT,A,"Pertanian, Perkebunan Kelapa Sawit & Kehutanan",Kecil,Jawa Barat,2317601,26,26,0,100.0,2751000.0,2751000.0,0.0,100.0,Tepat Waktu,0,Stabil Patuh,0.0,0,0.0,0.0,0,0,0,0,0,Patuh,Normal,Tidak Perlu Tindakan,0
BU-0038,Yayasan,F,Konstruksi & Infrastruktur,Menengah,DKI Jakarta,5729876,125,63,62,50.4,10748000.0,9136000.0,1612000.0,85.0,Menunggak,21,Persisten Memburuk,51.04,65,1284125.0,1612000.0,1344688000,21,21,1,0,PDS Kombinasi,Tinggi,Surat Teguran Tertulis I & Jadwal Audit Wasrik Lapangan,67175000
BU-0039,Yayasan,J,Informasi dan Komunikasi / Teknologi,Menengah,Jawa Timur,2446880,83,83,0,100.0,3408000.0,3408000.0,0.0,100.0,Tepat Waktu,0,Stabil Patuh,0.0,0,0.0,0.0,26406000,3,3,1,0,Patuh,Normal,Tidak Perlu Tindakan,0
BU-0040,PT,C,Industri Pengolahan / Manufaktur,Kecil,DKI Jakarta,5729876,34,34,0,100.0,8145000.0,8145000.0,0.0,100.0,Tepat Waktu,0,Stabil Patuh,0.0,0,0.0,0.0,29085000,3,3,1,0,Patuh,Normal,Tidak Perlu Tindakan,0
BU-0041,CV,N,Jasa Penunjang Usaha (Alih Daya / Outsourcing / Security),Kecil,Sumatera Utara,3228949,21,21,0,100.0,3821000.0,3821000.0,0.0,100.0,Tepat Waktu,0,Stabil Patuh,0.0,0,0.0,0.0,6189700,3,3,1,0,Patuh,Normal,Tidak Perlu Tindakan,0
BU-0042,PT,I,Penyediaan Akomodasi dan F&B (Restoran & Hotel),Kecil,DKI Jakarta,5729876,19,19,0,100.0,6230000.0,6230000.0,0.0,100.0,Tepat Waktu,0,Stabil Patuh,0.0,0,0.0,0.0,0,0,0,0,0,Patuh,Normal,Tidak Perlu Tindakan,0
BU-0043,PT,K,"Jasa Keuangan, Pembiayaan dan Asuransi",Mikro,Sumatera Utara,3228949,9,9,0,100.0,3786000.0,3786000.0,0.0,100.0,Tepat Waktu,0,Stabil Patuh,0.0,0,0.0,0.0,3224700,3,3,1,0,Patuh,Normal,Tidak Perlu Tindakan,0
BU-0044,Koperasi,G,Perdagangan Besar dan Eceran,Kecil,Banten,3100881,12,12,0,100.0,4148000.0,4148000.0,0.0,100.0,Tepat Waktu,0,Stabil Patuh,0.0,0,0.0,0.0,0,0,0,0,0,Patuh,Normal,Tidak Perlu Tindakan,0
BU-0045,PT,K,"Jasa Keuangan, Pembiayaan dan Asuransi",Besar,DKI Jakarta,5729876,714,714,0,100.0,11761000.0,11761000.0,0.0,100.0,Tepat Waktu,0,Stabil Patuh,0.0,0,0.0,0.0,0,0,0,0,0,Patuh,Normal,Tidak Perlu Tindakan,0
BU-0046,Koperasi,N,Jasa Penunjang Usaha (Alih Daya / Outsourcing / Security),Menengah,Jawa Barat,2317601,179,179,0,100.0,3933000.0,3933000.0,0.0,100.0,Tepat Waktu,0,Stabil Patuh,0.0,0,0.0,0.0,0,0,0,0,0,Patuh,Normal,Tidak Perlu Tindakan,0
BU-0047,PT,I,Penyediaan Akomodasi dan F&B (Restoran & Hotel),Besar,Jawa Barat,2317601,278,139,139,50.0,3678000.0,3678000.0,0.0,100.0,Tepat Waktu,5,Persisten Memburuk,36.25,139,0.0,0.0,158162200,0,5,1,1,PDS Tenaga Kerja,Tinggi,Surat Teguran Tertulis I & Jadwal Audit Wasrik Lapangan,25562100
BU-0048,CV,H,"Transportasi, Pergudangan & Logistik",Kecil,Jawa Barat,2317601,16,16,0,100.0,2679000.0,2679000.0,0.0,100.0,Tepat Waktu,0,Stabil Patuh,0.0,0,0.0,0.0,0,0,0,0,0,Patuh,Normal,Tidak Perlu Tindakan,0
BU-0049,PT,Q,Aktivitas Pelayanan Kesehatan & Rumah Sakit Swasta,Menengah,Jawa Barat,2317601,148,148,0,100.0,4786000.0,4786000.0,0.0,100.0,Tepat Waktu,0,Stabil Patuh,0.0,0,0.0,0.0,0,0,0,0,0,Patuh,Normal,Tidak Perlu Tindakan,0
BU-0050,CV,I,Penyediaan Akomodasi dan F&B (Restoran & Hotel),Kecil,Banten,3100881,28,28,0,100.0,3762000.0,3762000.0,0.0,100.0,Tepat Waktu,0,Stabil Patuh,0.0,0,0.0,0.0,0,0,0,0,0,Patuh,Normal,Tidak Perlu Tindakan,0
BU-0051,PT,Q,Aktivitas Pelayanan Kesehatan & Rumah Sakit Swasta,Mikro,Kalimantan Timur,3762431,7,7,0,100.0,4537000.0,4537000.0,0.0,100.0,Tepat Waktu,0,Stabil Patuh,0.0,0,0.0,0.0,0,0,0,0,0,Patuh,Normal,Tidak Perlu Tindakan,0
BU-0052,CV,F,Konstruksi & Infrastruktur,Kecil,Banten,3100881,12,6,6,50.0,4761000.0,4761000.0,0.0,100.0,Tepat Waktu,5,Persisten Memburuk,1.54,6,0.0,0.0,8728350,0,5,1,1,PDS Tenaga Kerja,Tinggi,Surat Teguran Tertulis I & Jadwal Audit Wasrik Lapangan,1428300
BU-0053,PT,G,Perdagangan Besar dan Eceran,Kecil,Jawa Tengah,2327386,12,12,0,100.0,3078000.0,3078000.0,0.0,100.0,Tepat Waktu,0,Stabil Patuh,0.0,0,30083.33,306000.0,622450,0,3,1,0,Patuh,Normal,Tidak Perlu Tindakan,0
BU-0054,Koperasi,F,Konstruksi & Infrastruktur,Menengah,Jawa Tengah,2327386,83,83,0,100.0,4182000.0,4182000.0,0.0,100.0,Tepat Waktu,0,Stabil Patuh,0.0,0,0.0,0.0,0,0,0,0,0,Patuh,Normal,Tidak Perlu Tindakan,0
BU-0055,Yayasan,K,"Jasa Keuangan, Pembiayaan dan Asuransi",Mikro,Jawa Timur,2446880,9,9,0,100.0,3383000.0,3383000.0,0.0,100.0,Tepat Waktu,0,Stabil Patuh,0.17,2,0.0,0.0,643000,0,3,1,0,Patuh,Normal,Tidak Perlu Tindakan,0
BU-0056,PT,C,Industri Pengolahan / Manufaktur,Kecil,Riau,3780495,37,37,0,100.0,4092000.0,4092000.0,0.0,100.0,Tepat Waktu,0,Stabil Patuh,0.0,0,0.0,0.0,0,0,0,0,0,Patuh,Normal,Tidak Perlu Tindakan,0
BU-0057,PT,J,Informasi dan Komunikasi / Teknologi,Menengah,DKI Jakarta,5729876,85,85,0,100.0,9392000.0,9392000.0,0.0,100.0,Tepat Waktu,0,Stabil Patuh,2.67,32,0.0,0.0,28672000,0,3,1,0,Patuh,Normal,Tidak Perlu Tindakan,0
BU-0058,PT,K,"Jasa Keuangan, Pembiayaan dan Asuransi",Kecil,DKI Jakarta,5729876,17,17,0,100.0,6777000.0,6777000.0,0.0,100.0,Tepat Waktu,0,Stabil Patuh,0.0,0,0.0,0.0,0,0,0,0,0,Patuh,Normal,Tidak Perlu Tindakan,0
BU-0059,PT,H,"Transportasi, Pergudangan & Logistik",Menengah,Jawa Timur,2446880,134,134,0,100.0,4924000.0,4924000.0,0.0,100.0,Tepat Waktu,0,Stabil Patuh,0.0,0,0.0,0.0,0,0,0,0,0,Patuh,Normal,Tidak Perlu Tindakan,0
BU-0060,Yayasan,N,Jasa Penunjang Usaha (Alih Daya / Outsourcing / Security),Mikro,Jawa Barat,2317601,16,8,8,50.0,3241000.0,2755000.0,486000.0,85.0,Menunggak,17,Persisten Memburuk,5.04,9,310916.67,486000.0,40239750,17,17,1,0,PDS Kombinasi,Tinggi,Surat Teguran Tertulis I & Jadwal Audit Wasrik Lapangan,2592800
BU-0061,PT,I,Penyediaan Akomodasi dan F&B (Restoran & Hotel),Besar,Jawa Barat,2317601,521,521,0,100.0,5662000.0,5662000.0,0.0,100.0,Tepat Waktu,0,Stabil Patuh,0.0,0,0.0,0.0,0,0,0,0,0,Patuh,Normal,Tidak Perlu Tindakan,0
BU-0062,PT,A,"Pertanian, Perkebunan Kelapa Sawit & Kehutanan",Menengah,Riau,3780495,126,126,0,100.0,5801000.0,5801000.0,0.0,100.0,Tepat Waktu,0,Stabil Patuh,0.0,0,0.0,0.0,0,0,0,0,0,Patuh,Normal,Tidak Perlu Tindakan,0
BU-0063,Koperasi,A,"Pertanian, Perkebunan Kelapa Sawit & Kehutanan",Kecil,Sumatera Utara,3228949,22,22,0,100.0,4509000.0,4509000.0,0.0,100.0,Tepat Waktu,0,Stabil Patuh,0.75,9,0.0,0.0,3871800,0,3,1,0,Patuh,Normal,Tidak Perlu Tindakan,0
BU-0064,PT,G,Perdagangan Besar dan Eceran,Besar,Jawa Barat,2317601,325,325,0,100.0,4193000.0,4193000.0,0.0,100.0,Tepat Waktu,0,Stabil Patuh,0.0,0,0.0,0.0,0,0,0,0,0,Patuh,Normal,Tidak Perlu Tindakan,0
BU-0065,CV,I,Penyediaan Akomodasi dan F&B (Restoran & Hotel),Kecil,Kalimantan Timur,3762431,29,29,0,100.0,4349000.0,4349000.0,0.0,100.0,Tepat Waktu,0,Stabil Patuh,1.0,12,0.0,0.0,4890000,0,3,1,0,Patuh,Normal,Tidak Perlu Tindakan,0
BU-0066,PT,Q,Aktivitas Pelayanan Kesehatan & Rumah Sakit Swasta,Besar,Jawa Barat,2317601,354,354,0,100.0,3714000.0,3714000.0,0.0,100.0,Tepat Waktu,0,Stabil Patuh,0.0,0,36416.67,371000.0,15298950,0,3,1,0,Patuh,Normal,Tidak Perlu Tindakan,0
BU-0067,CV,J,Informasi dan Komunikasi / Teknologi,Menengah,Kalimantan Timur,3762431,105,105,0,100.0,7529000.0,7529000.0,0.0,100.0,Tepat Waktu,0,Stabil Patuh,0.0,0,73208.33,745000.0,9274850,0,3,1,0,Patuh,Normal,Tidak Perlu Tindakan,0
BU-0068,CV,C,Industri Pengolahan / Manufaktur,Besar,DKI Jakarta,5729876,835,835,0,100.0,9892000.0,9892000.0,0.0,100.0,Tepat Waktu,0,Stabil Patuh,0.0,0,0.0,0.0,0,0,0,0,0,Patuh,Normal,Tidak Perlu Tindakan,0
BU-0069,PT,G,Perdagangan Besar dan Eceran,Mikro,Jawa Timur,2446880,13,13,0,100.0,3277000.0,3277000.0,0.0,100.0,Tepat Waktu,0,Stabil Patuh,0.0,0,0.0,0.0,0,0,0,0,0,Patuh,Normal,Tidak Perlu Tindakan,0
BU-0070,PT,N,Jasa Penunjang Usaha (Alih Daya / Outsourcing / Security),Kecil,Jawa Tengah,2327386,16,16,0,100.0,2913000.0,2913000.0,0.0,100.0,Tepat Waktu,0,Stabil Patuh,0.0,0,0.0,0.0,0,0,0,0,0,Patuh,Normal,Tidak Perlu Tindakan,0
BU-0071,CV,I,Penyediaan Akomodasi dan F&B (Restoran & Hotel),Menengah,Jawa Timur,2446880,167,167,0,100.0,3230000.0,3230000.0,0.0,100.0,Tepat Waktu,0,Stabil Patuh,0.0,0,32000.0,326000.0,6151000,0,3,1,0,Patuh,Normal,Tidak Perlu Tindakan,0
BU-0072,CV,Q,Aktivitas Pelayanan Kesehatan & Rumah Sakit Swasta,Kecil,Jawa Barat,2317601,4,4,0,100.0,3377000.0,3377000.0,0.0,100.0,Tepat Waktu,0,Stabil Patuh,0.0,0,33500.0,341000.0,505550,0,3,1,0,Patuh,Normal,Tidak Perlu Tindakan,0
BU-0073,CV,K,"Jasa Keuangan, Pembiayaan dan Asuransi",Menengah,Jawa Barat,2317601,192,192,0,100.0,2915000.0,2915000.0,0.0,100.0,Tepat Waktu,0,Stabil Patuh,0.0,0,28375.0,289000.0,6554100,0,3,1,0,Patuh,Normal,Tidak Perlu Tindakan,0
BU-0074,CV,K,"Jasa Keuangan, Pembiayaan dan Asuransi",Menengah,Riau,3780495,67,67,0,100.0,6370000.0,6370000.0,0.0,100.0,Tepat Waktu,0,Stabil Patuh,2.12,26,0.0,0.0,15391800,0,3,1,0,Patuh,Normal,Tidak Perlu Tindakan,0
BU-0075,Yayasan,J,Informasi dan Komunikasi / Teknologi,Kecil,DKI Jakarta,5729876,36,36,0,100.0,8191000.0,8191000.0,0.0,100.0,Tepat Waktu,0,Stabil Patuh,0.0,0,0.0,0.0,0,0,0,0,0,Patuh,Normal,Tidak Perlu Tindakan,0
BU-0076,Koperasi,F,Konstruksi & Infrastruktur,Kecil,Jawa Barat,2317601,7,3,4,42.86,3140000.0,3140000.0,0.0,100.0,Tepat Waktu,5,Persisten Memburuk,1.04,4,0.0,0.0,3870200,0,5,1,1,PDS Tenaga Kerja,Tinggi,Surat Teguran Tertulis I & Jadwal Audit Wasrik Lapangan,628000
BU-0077,Koperasi,K,"Jasa Keuangan, Pembiayaan dan Asuransi",Menengah,Kalimantan Timur,3762431,68,68,0,100.0,5368000.0,5368000.0,0.0,100.0,Tepat Waktu,0,Stabil Patuh,1.96,23,0.0,0.0,11876900,0,3,1,0,Patuh,Normal,Tidak Perlu Tindakan,0
BU-0078,Koperasi,K,"Jasa Keuangan, Pembiayaan dan Asuransi",Kecil,Banten,3100881,25,25,0,100.0,4086000.0,4086000.0,0.0,100.0,Tepat Waktu,0,Stabil Patuh,0.79,10,0.0,0.0,3676500,0,3,1,0,Patuh,Normal,Tidak Perlu Tindakan,0
BU-0079,CV,G,Perdagangan Besar dan Eceran,Kecil,DKI Jakarta,5729876,25,25,0,100.0,7243000.0,7243000.0,0.0,100.0,Tepat Waktu,0,Stabil Patuh,0.0,0,70125.0,714000.0,2384250,0,3,1,0,Patuh,Normal,Tidak Perlu Tindakan,0
BU-0080,Yayasan,A,"Pertanian, Perkebunan Kelapa Sawit & Kehutanan",Kecil,DKI Jakarta,5729876,23,23,0,100.0,8218000.0,8218000.0,0.0,100.0,Tepat Waktu,0,Stabil Patuh,0.79,9,0.0,0.0,7335900,0,3,1,0,Patuh,Normal,Tidak Perlu Tindakan,0
BU-0081,Koperasi,I,Penyediaan Akomodasi dan F&B (Restoran & Hotel),Besar,Sulawesi Selatan,3921088,711,355,356,49.93,10628000.0,9034000.0,1594000.0,85.0,Menunggak,21,Persisten Memburuk,285.42,356,1274500.0,1594000.0,7439974850,21,21,1,0,PDS Kombinasi,Tinggi,Surat Teguran Tertulis I & Jadwal Audit Wasrik Lapangan,377825400
BU-0082,CV,A,"Pertanian, Perkebunan Kelapa Sawit & Kehutanan",Besar,Jawa Barat,2317601,394,394,0,100.0,6820000.0,6820000.0,0.0,100.0,Tepat Waktu,0,Stabil Patuh,0.0,0,0.0,0.0,0,0,0,0,0,Patuh,Normal,Tidak Perlu Tindakan,0
BU-0083,Yayasan,Q,Aktivitas Pelayanan Kesehatan & Rumah Sakit Swasta,Besar,Banten,3100881,352,176,176,50.0,6741000.0,6741000.0,0.0,100.0,Tepat Waktu,5,Persisten Memburuk,46.33,176,0.0,0.0,369643400,0,5,1,1,PDS Tenaga Kerja,Tinggi,Surat Teguran Tertulis I & Jadwal Audit Wasrik Lapangan,59320800
BU-0084,PT,Q,Aktivitas Pelayanan Kesehatan & Rumah Sakit Swasta,Kecil,Riau,3780495,28,28,0,100.0,4170000.0,4170000.0,0.0,100.0,Tepat Waktu,0,Stabil Patuh,0.0,0,0.0,0.0,0,0,0,0,0,Patuh,Normal,Tidak Perlu Tindakan,0
BU-0085,Koperasi,H,"Transportasi, Pergudangan & Logistik",Kecil,Riau,3780495,23,23,0,100.0,5655000.0,5655000.0,0.0,100.0,Tepat Waktu,0,Stabil Patuh,0.0,0,0.0,0.0,0,0,0,0,0,Patuh,Normal,Tidak Perlu Tindakan,0
BU-0086,Yayasan,N,Jasa Penunjang Usaha (Alih Daya / Outsourcing / Security),Menengah,Jawa Timur,2446880,100,50,50,50.0,4794000.0,4075000.0,719000.0,85.0,Menunggak,20,Persisten Memburuk,39.54,53,544250.0,719000.0,466740550,20,20,1,0,PDS Kombinasi,Tinggi,Surat Teguran Tertulis I & Jadwal Audit Wasrik Lapangan,23970000
BU-0087,PT,I,Penyediaan Akomodasi dan F&B (Restoran & Hotel),Menengah,Jawa Timur,2446880,74,74,0,100.0,3683000.0,3683000.0,0.0,100.0,Tepat Waktu,0,Stabil Patuh,0.0,0,0.0,0.0,0,0,0,0,0,Patuh,Normal,Tidak Perlu Tindakan,0
BU-0088,Koperasi,K,"Jasa Keuangan, Pembiayaan dan Asuransi",Kecil,Bali,3207459,21,21,0,100.0,4140000.0,4140000.0,0.0,100.0,Tepat Waktu,0,Stabil Patuh,0.0,0,0.0,0.0,0,0,0,0,0,Patuh,Normal,Tidak Perlu Tindakan,0
BU-0089,Koperasi,C,Industri Pengolahan / Manufaktur,Menengah,Riau,3780495,184,184,0,100.0,5228000.0,5228000.0,0.0,100.0,Tepat Waktu,0,Stabil Patuh,0.0,0,50666.67,516000.0,11459900,0,3,1,0,Patuh,Normal,Tidak Perlu Tindakan,0
BU-0090,PT,I,Penyediaan Akomodasi dan F&B (Restoran & Hotel),Kecil,Jawa Tengah,2327386,17,17,0,100.0,2731000.0,2731000.0,0.0,100.0,Tepat Waktu,0,Stabil Patuh,0.0,0,0.0,0.0,0,0,0,0,0,Patuh,Normal,Tidak Perlu Tindakan,0
BU-0091,PT,J,Informasi dan Komunikasi / Teknologi,Menengah,Sumatera Utara,3228949,52,52,0,100.0,6896000.0,6896000.0,0.0,100.0,Tepat Waktu,0,Stabil Patuh,0.0,0,0.0,0.0,36113850,3,3,1,0,Patuh,Normal,Tidak Perlu Tindakan,0
BU-0092,PT,H,"Transportasi, Pergudangan & Logistik",Kecil,Kalimantan Timur,3762431,53,53,0,100.0,4390000.0,4390000.0,0.0,100.0,Tepat Waktu,0,Stabil Patuh,0.0,0,0.0,0.0,0,0,0,0,0,Patuh,Normal,Tidak Perlu Tindakan,0
BU-0093,PT,K,"Jasa Keuangan, Pembiayaan dan Asuransi",Menengah,Sumatera Utara,3228949,125,125,0,100.0,5011000.0,5011000.0,0.0,100.0,Tepat Waktu,0,Stabil Patuh,3.79,46,0.0,0.0,21457800,0,3,1,0,Patuh,Normal,Tidak Perlu Tindakan,0
BU-0094,Koperasi,I,Penyediaan Akomodasi dan F&B (Restoran & Hotel),Kecil,Sumatera Utara,3228949,42,42,0,100.0,4938000.0,4938000.0,0.0,100.0,Tepat Waktu,0,Stabil Patuh,0.0,0,0.0,0.0,19003500,3,3,1,0,Patuh,Normal,Tidak Perlu Tindakan,0
BU-0095,Koperasi,N,Jasa Penunjang Usaha (Alih Daya / Outsourcing / Security),Menengah,Jawa Barat,2317601,195,195,0,100.0,3641000.0,3641000.0,0.0,100.0,Tepat Waktu,0,Stabil Patuh,0.0,0,0.0,0.0,0,0,0,0,0,Patuh,Normal,Tidak Perlu Tindakan,0
BU-0096,CV,I,Penyediaan Akomodasi dan F&B (Restoran & Hotel),Kecil,DKI Jakarta,5729876,14,14,0,100.0,7861000.0,7861000.0,0.0,100.0,Tepat Waktu,0,Stabil Patuh,0.0,0,0.0,0.0,0,0,0,0,0,Patuh,Normal,Tidak Perlu Tindakan,0
BU-0097,Yayasan,F,Konstruksi & Infrastruktur,Mikro,Jawa Barat,2317601,4,4,0,100.0,2860000.0,2860000.0,0.0,100.0,Tepat Waktu,0,Stabil Patuh,0.12,1,0.0,0.0,411450,0,3,1,0,Patuh,Normal,Tidak Perlu Tindakan,0
BU-0098,PT,A,"Pertanian, Perkebunan Kelapa Sawit & Kehutanan",Kecil,DKI Jakarta,5729876,35,35,0,100.0,7955000.0,7955000.0,0.0,100.0,Tepat Waktu,0,Stabil Patuh,0.0,0,0.0,0.0,25733550,3,3,1,0,Patuh,Normal,Tidak Perlu Tindakan,0
BU-0099,PT,H,"Transportasi, Pergudangan & Logistik",Menengah,DKI Jakarta,5729876,105,105,0,100.0,11828000.0,11828000.0,0.0,100.0,Tepat Waktu,0,Stabil Patuh,3.29,40,0.0,0.0,44421700,0,3,1,0,Patuh,Normal,Tidak Perlu Tindakan,0
BU-0100,PT,N,Jasa Penunjang Usaha (Alih Daya / Outsourcing / Security),Mikro,DKI Jakarta,5729876,19,19,0,100.0,6683000.0,6683000.0,0.0,100.0,Tepat Waktu,0,Stabil Patuh,0.38,5,0.0,0.0,2824650,0,3,1,0,Patuh,Normal,Tidak Perlu Tindakan,0
BU-0101,PT,K,"Jasa Keuangan, Pembiayaan dan Asuransi",Kecil,DKI Jakarta,5729876,28,28,0,100.0,7619000.0,7619000.0,0.0,100.0,Tepat Waktu,0,Stabil Patuh,0.71,8,0.0,0.0,6155700,0,3,1,0,Patuh,Normal,Tidak Perlu Tindakan,0
BU-0102,PT,A,"Pertanian, Perkebunan Kelapa Sawit & Kehutanan",Besar,Jawa Timur,2446880,220,220,0,100.0,3891000.0,3891000.0,0.0,100.0,Tepat Waktu,0,Stabil Patuh,0.0,0,37791.67,385000.0,10260100,0,3,1,0,Patuh,Normal,Tidak Perlu Tindakan,0
BU-0103,PT,C,Industri Pengolahan / Manufaktur,Menengah,Banten,3100881,72,72,0,100.0,6053000.0,6053000.0,0.0,100.0,Tepat Waktu,0,Stabil Patuh,0.0,0,0.0,0.0,0,0,0,0,0,Patuh,Normal,Tidak Perlu Tindakan,0
BU-0104,CV,N,Jasa Penunjang Usaha (Alih Daya / Outsourcing / Security),Mikro,Jawa Barat,2317601,3,3,0,100.0,2947000.0,2947000.0,0.0,100.0,Tepat Waktu,0,Stabil Patuh,0.0,0,0.0,0.0,0,0,0,0,0,Patuh,Normal,Tidak Perlu Tindakan,0
BU-0105,CV,F,Konstruksi & Infrastruktur,Menengah,DKI Jakarta,5729876,62,31,31,50.0,8732000.0,8732000.0,0.0,100.0,Tepat Waktu,5,Persisten Memburuk,8.42,31,0.0,0.0,87220700,0,5,1,1,PDS Tenaga Kerja,Tinggi,Surat Teguran Tertulis I & Jadwal Audit Wasrik Lapangan,13534600
BU-0106,CV,I,Penyediaan Akomodasi dan F&B (Restoran & Hotel),Kecil,Jawa Tengah,2327386,41,41,0,100.0,2587000.0,2587000.0,0.0,100.0,Tepat Waktu,0,Stabil Patuh,0.0,0,0.0,0.0,0,0,0,0,0,Patuh,Normal,Tidak Perlu Tindakan,0
BU-0107,CV,N,Jasa Penunjang Usaha (Alih Daya / Outsourcing / Security),Kecil,DKI Jakarta,5729876,38,38,0,100.0,7222000.0,7222000.0,0.0,100.0,Tepat Waktu,0,Stabil Patuh,0.0,0,0.0,0.0,0,0,0,0,0,Patuh,Normal,Tidak Perlu Tindakan,0
BU-0108,PT,Q,Aktivitas Pelayanan Kesehatan & Rumah Sakit Swasta,Kecil,Jawa Tengah,2327386,11,11,0,100.0,2965000.0,2965000.0,0.0,100.0,Tepat Waktu,0,Stabil Patuh,0.5,6,0.0,0.0,1668000,0,3,1,0,Patuh,Normal,Tidak Perlu Tindakan,0
BU-0109,Yayasan,H,"Transportasi, Pergudangan & Logistik",Menengah,Sulawesi Selatan,3921088,130,130,0,100.0,8115000.0,8115000.0,0.0,100.0,Tepat Waktu,0,Stabil Patuh,0.0,0,80041.67,815000.0,13013350,0,3,1,0,Patuh,Normal,Tidak Perlu Tindakan,0
BU-0110,PT,H,"Transportasi, Pergudangan & Logistik",Kecil,Jawa Timur,2446880,23,23,0,100.0,2722000.0,2722000.0,0.0,100.0,Tepat Waktu,0,Stabil Patuh,0.0,0,0.0,0.0,0,0,0,0,0,Patuh,Normal,Tidak Perlu Tindakan,0
BU-0111,Koperasi,F,Konstruksi & Infrastruktur,Mikro,Jawa Barat,2317601,4,4,0,100.0,3366000.0,3366000.0,0.0,100.0,Tepat Waktu,0,Stabil Patuh,0.0,0,32625.0,332000.0,205250,0,3,1,0,Patuh,Normal,Tidak Perlu Tindakan,0
BU-0112,PT,I,Penyediaan Akomodasi dan F&B (Restoran & Hotel),Mikro,DKI Jakarta,5729876,7,7,0,100.0,8019000.0,8019000.0,0.0,100.0,Tepat Waktu,0,Stabil Patuh,0.0,0,0.0,0.0,0,0,0,0,0,Patuh,Normal,Tidak Perlu Tindakan,0
BU-0113,PT,C,Industri Pengolahan / Manufaktur,Kecil,Riau,3780495,29,29,0,100.0,4683000.0,4683000.0,0.0,100.0,Tepat Waktu,0,Stabil Patuh,0.0,0,46375.0,472000.0,1905600,0,3,1,0,Patuh,Normal,Tidak Perlu Tindakan,0
BU-0114,Koperasi,G,Perdagangan Besar dan Eceran,Kecil,DKI Jakarta,5729876,15,15,0,100.0,6690000.0,6690000.0,0.0,100.0,Tepat Waktu,0,Stabil Patuh,0.0,0,0.0,0.0,0,0,0,0,0,Patuh,Normal,Tidak Perlu Tindakan,0
BU-0115,Koperasi,N,Jasa Penunjang Usaha (Alih Daya / Outsourcing / Security),Kecil,DKI Jakarta,5729876,34,34,0,100.0,7255000.0,7255000.0,0.0,100.0,Tepat Waktu,0,Stabil Patuh,0.0,0,0.0,0.0,0,0,0,0,0,Patuh,Normal,Tidak Perlu Tindakan,0
BU-0116,PT,I,Penyediaan Akomodasi dan F&B (Restoran & Hotel),Mikro,Jawa Timur,2446880,6,6,0,100.0,2636000.0,2636000.0,0.0,100.0,Tepat Waktu,0,Stabil Patuh,0.25,3,0.0,0.0,752100,0,3,1,0,Patuh,Normal,Tidak Perlu Tindakan,0
BU-0117,PT,H,"Transportasi, Pergudangan & Logistik",Kecil,Jawa Barat,2317601,36,36,0,100.0,2641000.0,2641000.0,0.0,100.0,Tepat Waktu,0,Stabil Patuh,1.17,14,0.0,0.0,3501400,0,3,1,0,Patuh,Normal,Tidak Perlu Tindakan,0
BU-0118,CV,C,Industri Pengolahan / Manufaktur,Kecil,Riau,3780495,19,19,0,100.0,5600000.0,5600000.0,0.0,100.0,Tepat Waktu,0,Stabil Patuh,0.54,6,0.0,0.0,3410550,0,3,1,0,Patuh,Normal,Tidak Perlu Tindakan,0
BU-0119,PT,J,Informasi dan Komunikasi / Teknologi,Mikro,DKI Jakarta,5729876,12,12,0,100.0,7241000.0,7241000.0,0.0,100.0,Tepat Waktu,0,Stabil Patuh,0.21,2,0.0,0.0,1729000,0,3,1,0,Patuh,Normal,Tidak Perlu Tindakan,0
BU-0120,CV,K,"Jasa Keuangan, Pembiayaan dan Asuransi",Menengah,Jawa Timur,2446880,140,70,70,50.0,5074000.0,4313000.0,761000.0,85.0,Menunggak,22,Persisten Memburuk,61.0,74,637583.33,761000.0,755495250,22,22,1,0,PDS Kombinasi,Tinggi,Surat Teguran Tertulis I & Jadwal Audit Wasrik Lapangan,35518000
BU-0121,CV,F,Konstruksi & Infrastruktur,Kecil,Jawa Barat,2317601,18,18,0,100.0,2870000.0,2870000.0,0.0,100.0,Tepat Waktu,0,Stabil Patuh,0.88,10,0.0,0.0,2818200,0,3,1,0,Patuh,Normal,Tidak Perlu Tindakan,0
BU-0122,CV,G,Perdagangan Besar dan Eceran,Kecil,Jawa Timur,2446880,15,7,8,46.67,3655000.0,3107000.0,548000.0,85.01,Menunggak,21,Persisten Memburuk,7.58,11,437750.0,548000.0,68455600,21,21,1,0,PDS Kombinasi,Tinggi,Surat Teguran Tertulis I & Jadwal Audit Wasrik Lapangan,2741250
BU-0123,PT,Q,Aktivitas Pelayanan Kesehatan & Rumah Sakit Swasta,Kecil,Sulawesi Selatan,3921088,34,17,17,50.0,5661000.0,4812000.0,849000.0,85.0,Menunggak,19,Persisten Memburuk,11.42,17,607583.33,849000.0,158206150,19,19,1,0,PDS Kombinasi,Tinggi,Surat Teguran Tertulis I & Jadwal Audit Wasrik Lapangan,9623700
BU-0124,PT,Q,Aktivitas Pelayanan Kesehatan & Rumah Sakit Swasta,Mikro,DKI Jakarta,5729876,11,11,0,100.0,6258000.0,6258000.0,0.0,100.0,Tepat Waktu,0,Stabil Patuh,0.0,0,0.0,0.0,0,0,0,0,0,Patuh,Normal,Tidak Perlu Tindakan,0
BU-0125,Koperasi,A,"Pertanian, Perkebunan Kelapa Sawit & Kehutanan",Mikro,DKI Jakarta,5729876,5,5,0,100.0,7775000.0,7775000.0,0.0,100.0,Tepat Waktu,0,Stabil Patuh,0.0,0,76416.67,778000.0,664150,0,3,1,0,Patuh,Normal,Tidak Perlu Tindakan,0
BU-0126,Koperasi,F,Konstruksi & Infrastruktur,Mikro,Jawa Barat,2317601,5,5,0,100.0,3134000.0,3134000.0,0.0,100.0,Tepat Waktu,0,Stabil Patuh,0.0,0,0.0,0.0,897300,3,3,1,0,Patuh,Normal,Tidak Perlu Tindakan,0
BU-0127,CV,J,Informasi dan Komunikasi / Teknologi,Mikro,Sumatera Utara,3228949,3,3,0,100.0,4635000.0,4635000.0,0.0,100.0,Tepat Waktu,0,Stabil Patuh,0.0,0,0.0,0.0,0,0,0,0,0,Patuh,Normal,Tidak Perlu Tindakan,0
BU-0128,PT,J,Informasi dan Komunikasi / Teknologi,Besar,Jawa Tengah,2327386,355,355,0,100.0,4433000.0,4433000.0,0.0,100.0,Tepat Waktu,0,Stabil Patuh,10.58,127,0.0,0.0,53200300,0,3,1,0,Patuh,Normal,Tidak Perlu Tindakan,0
BU-0129,PT,J,Informasi dan Komunikasi / Teknologi,Kecil,Jawa Tengah,2327386,36,36,0,100.0,3053000.0,3053000.0,0.0,100.0,Tepat Waktu,0,Stabil Patuh,0.0,0,0.0,0.0,8593350,3,3,1,0,Patuh,Normal,Tidak Perlu Tindakan,0
BU-0130,PT,H,"Transportasi, Pergudangan & Logistik",Menengah,DKI Jakarta,5729876,100,100,0,100.0,12303000.0,12303000.0,0.0,100.0,Tepat Waktu,0,Stabil Patuh,0.0,0,121375.0,1236000.0,14300200,0,3,1,0,Patuh,Normal,Tidak Perlu Tindakan,0
BU-0131,CV,F,Konstruksi & Infrastruktur,Kecil,Bali,3207459,21,21,0,100.0,4423000.0,4423000.0,0.0,100.0,Tepat Waktu,0,Stabil Patuh,0.0,0,0.0,0.0,0,0,0,0,0,Patuh,Normal,Tidak Perlu Tindakan,0
BU-0132,Koperasi,K,"Jasa Keuangan, Pembiayaan dan Asuransi",Besar,Sumatera Utara,3228949,248,248,0,100.0,6520000.0,6520000.0,0.0,100.0,Tepat Waktu,0,Stabil Patuh,0.0,0,0.0,0.0,0,0,0,0,0,Patuh,Normal,Tidak Perlu Tindakan,0
BU-0133,PT,Q,Aktivitas Pelayanan Kesehatan & Rumah Sakit Swasta,Menengah,Riau,3780495,130,130,0,100.0,8348000.0,8348000.0,0.0,100.0,Tepat Waktu,0,Stabil Patuh,0.0,0,0.0,0.0,0,0,0,0,0,Patuh,Normal,Tidak Perlu Tindakan,0
BU-0134,CV,J,Informasi dan Komunikasi / Teknologi,Besar,Jawa Tengah,2327386,365,365,0,100.0,6140000.0,6140000.0,0.0,100.0,Tepat Waktu,0,Stabil Patuh,0.0,0,0.0,0.0,0,0,0,0,0,Patuh,Normal,Tidak Perlu Tindakan,0
BU-0135,CV,H,"Transportasi, Pergudangan & Logistik",Kecil,Banten,3100881,17,17,0,100.0,3717000.0,3717000.0,0.0,100.0,Tepat Waktu,0,Stabil Patuh,0.0,0,0.0,0.0,6123250,3,3,1,0,Patuh,Normal,Tidak Perlu Tindakan,0
BU-0136,PT,Q,Aktivitas Pelayanan Kesehatan & Rumah Sakit Swasta,Mikro,Kalimantan Timur,3762431,9,9,0,100.0,4678000.0,4678000.0,0.0,100.0,Tepat Waktu,0,Stabil Patuh,0.0,0,0.0,0.0,0,0,0,0,0,Patuh,Normal,Tidak Perlu Tindakan,0
BU-0137,PT,C,Industri Pengolahan / Manufaktur,Kecil,Kalimantan Timur,3762431,15,15,0,100.0,4273000.0,4273000.0,0.0,100.0,Tepat Waktu,0,Stabil Patuh,0.0,0,0.0,0.0,0,0,0,0,0,Patuh,Normal,Tidak Perlu Tindakan,0
BU-0138,PT,K,"Jasa Keuangan, Pembiayaan dan Asuransi",Menengah,Sulawesi Selatan,3921088,110,55,55,50.0,5636000.0,4791000.0,845000.0,85.01,Menunggak,17,Persisten Memburuk,35.17,56,538708.33,845000.0,493250150,17,17,1,0,PDS Kombinasi,Tinggi,Surat Teguran Tertulis I & Jadwal Audit Wasrik Lapangan,30998000
BU-0139,PT,I,Penyediaan Akomodasi dan F&B (Restoran & Hotel),Kecil,Jawa Timur,2446880,35,35,0,100.0,3364000.0,3364000.0,0.0,100.0,Tepat Waktu,0,Stabil Patuh,0.0,0,0.0,0.0,0,0,0,0,0,Patuh,Normal,Tidak Perlu Tindakan,0
BU-0140,Yayasan,C,Industri Pengolahan / Manufaktur,Menengah,Jawa Barat,2317601,116,116,0,100.0,4418000.0,4418000.0,0.0,100.0,Tepat Waktu,0,Stabil Patuh,3.29,40,0.0,0.0,16775650,0,3,1,0,Patuh,Normal,Tidak Perlu Tindakan,0
BU-0141,PT,J,Informasi dan Komunikasi / Teknologi,Mikro,Sumatera Utara,3228949,3,3,0,100.0,4840000.0,4840000.0,0.0,100.0,Tepat Waktu,0,Stabil Patuh,0.0,0,47916.67,488000.0,369400,0,3,1,0,Patuh,Normal,Tidak Perlu Tindakan,0
BU-0142,PT,Q,Aktivitas Pelayanan Kesehatan & Rumah Sakit Swasta,Kecil,Banten,3100881,23,23,0,100.0,3624000.0,3624000.0,0.0,100.0,Tepat Waktu,0,Stabil Patuh,0.0,0,0.0,0.0,0,0,0,0,0,Patuh,Normal,Tidak Perlu Tindakan,0
BU-0143,Koperasi,F,Konstruksi & Infrastruktur,Kecil,Banten,3100881,24,24,0,100.0,3326000.0,3326000.0,0.0,100.0,Tepat Waktu,0,Stabil Patuh,0.0,0,0.0,0.0,6167850,3,3,1,0,Patuh,Normal,Tidak Perlu Tindakan,0
BU-0144,Yayasan,Q,Aktivitas Pelayanan Kesehatan & Rumah Sakit Swasta,Menengah,DKI Jakarta,5729876,78,78,0,100.0,11122000.0,11122000.0,0.0,100.0,Tepat Waktu,0,Stabil Patuh,0.0,0,0.0,0.0,0,0,0,0,0,Patuh,Normal,Tidak Perlu Tindakan,0
BU-0145,PT,H,"Transportasi, Pergudangan & Logistik",Mikro,Jawa Timur,2446880,6,6,0,100.0,3141000.0,3141000.0,0.0,100.0,Tepat Waktu,0,Stabil Patuh,0.0,0,0.0,0.0,0,0,0,0,0,Patuh,Normal,Tidak Perlu Tindakan,0
BU-0146,PT,H,"Transportasi, Pergudangan & Logistik",Menengah,Jawa Tengah,2327386,167,167,0,100.0,4940000.0,4940000.0,0.0,100.0,Tepat Waktu,0,Stabil Patuh,0.0,0,0.0,0.0,0,0,0,0,0,Patuh,Normal,Tidak Perlu Tindakan,0
BU-0147,PT,Q,Aktivitas Pelayanan Kesehatan & Rumah Sakit Swasta,Mikro,Jawa Tengah,2327386,6,6,0,100.0,3260000.0,3260000.0,0.0,100.0,Tepat Waktu,0,Stabil Patuh,0.0,0,0.0,0.0,0,0,0,0,0,Patuh,Normal,Tidak Perlu Tindakan,0
BU-0148,Yayasan,H,"Transportasi, Pergudangan & Logistik",Kecil,Bali,3207459,42,42,0,100.0,4281000.0,4281000.0,0.0,100.0,Tepat Waktu,0,Stabil Patuh,0.0,0,0.0,0.0,0,0,0,0,0,Patuh,Normal,Tidak Perlu Tindakan,0
BU-0149,CV,H,"Transportasi, Pergudangan & Logistik",Besar,Sumatera Utara,3228949,258,129,129,50.0,4791000.0,4072000.0,719000.0,84.99,Menunggak,17,Persisten Memburuk,82.54,130,459291.67,719000.0,985250850,17,17,1,0,PDS Kombinasi,Tinggi,Surat Teguran Tertulis I & Jadwal Audit Wasrik Lapangan,61803900
BU-0150,PT,Q,Aktivitas Pelayanan Kesehatan & Rumah Sakit Swasta,Mikro,Jawa Tengah,2327386,3,3,0,100.0,3355000.0,3355000.0,0.0,100.0,Tepat Waktu,0,Stabil Patuh,0.0,0,0.0,0.0,0,0,0,0,0,Patuh,Normal,Tidak Perlu Tindakan,0
BU-0151,PT,Q,Aktivitas Pelayanan Kesehatan & Rumah Sakit Swasta,Kecil,Sumatera Utara,3228949,17,17,0,100.0,4242000.0,4242000.0,0.0,100.0,Tepat Waktu,0,Stabil Patuh,0.42,5,0.0,0.0,2031500,0,3,1,0,Patuh,Normal,Tidak Perlu Tindakan,0
BU-0152,CV,G,Perdagangan Besar dan Eceran,Kecil,Kalimantan Timur,3762431,47,47,0,100.0,4127000.0,4127000.0,0.0,100.0,Tepat Waktu,0,Stabil Patuh,0.0,0,0.0,0.0,0,0,0,0,0,Patuh,Normal,Tidak Perlu Tindakan,0
BU-0153,PT,F,Konstruksi & Infrastruktur,Mikro,DKI Jakarta,5729876,4,4,0,100.0,8608000.0,8608000.0,0.0,100.0,Tepat Waktu,0,Stabil Patuh,0.0,0,0.0,0.0,0,0,0,0,0,Patuh,Normal,Tidak Perlu Tindakan,0
BU-0154,Koperasi,I,Penyediaan Akomodasi dan F&B (Restoran & Hotel),Menengah,DKI Jakarta,5729876,150,150,0,100.0,9914000.0,9914000.0,0.0,100.0,Tepat Waktu,0,Stabil Patuh,0.0,0,0.0,0.0,0,0,0,0,0,Patuh,Normal,Tidak Perlu Tindakan,0
BU-0155,CV,H,"Transportasi, Pergudangan & Logistik",Besar,Jawa Tengah,2327386,682,682,0,100.0,6117000.0,6117000.0,0.0,100.0,Tepat Waktu,0,Stabil Patuh,20.25,243,0.0,0.0,141693300,0,3,1,0,Patuh,Normal,Tidak Perlu Tindakan,0
BU-0156,Yayasan,J,Informasi dan Komunikasi / Teknologi,Menengah,Jawa Barat,2317601,152,152,0,100.0,4663000.0,4663000.0,0.0,100.0,Tepat Waktu,0,Stabil Patuh,0.0,0,0.0,0.0,0,0,0,0,0,Patuh,Normal,Tidak Perlu Tindakan,0
BU-0157,Yayasan,Q,Aktivitas Pelayanan Kesehatan & Rumah Sakit Swasta,Mikro,Jawa Barat,2317601,7,3,4,42.86,3439000.0,3439000.0,0.0,100.0,Tepat Waktu,5,Persisten Memburuk,1.04,4,0.0,0.0,4236950,0,5,1,1,PDS Tenaga Kerja,Tinggi,Surat Teguran Tertulis I & Jadwal Audit Wasrik Lapangan,687800
BU-0158,Koperasi,C,Industri Pengolahan / Manufaktur,Besar,Sulawesi Selatan,3921088,355,355,0,100.0,7224000.0,7224000.0,0.0,100.0,Tepat Waktu,0,Stabil Patuh,0.0,0,0.0,0.0,0,0,0,0,0,Patuh,Normal,Tidak Perlu Tindakan,0
BU-0159,PT,F,Konstruksi & Infrastruktur,Mikro,Jawa Timur,2446880,11,5,6,45.45,2762000.0,2762000.0,0.0,100.0,Tepat Waktu,5,Persisten Memburuk,1.12,6,0.0,0.0,3702150,0,5,1,1,PDS Tenaga Kerja,Tinggi,Surat Teguran Tertulis I & Jadwal Audit Wasrik Lapangan,828600
BU-0160,PT,K,"Jasa Keuangan, Pembiayaan dan Asuransi",Kecil,Jawa Timur,2446880,44,22,22,50.0,2959000.0,2959000.0,0.0,100.0,Tepat Waktu,5,Persisten Memburuk,5.83,22,0.0,0.0,20475000,0,5,1,1,PDS Tenaga Kerja,Tinggi,Surat Teguran Tertulis I & Jadwal Audit Wasrik Lapangan,3254900
BU-0161,PT,K,"Jasa Keuangan, Pembiayaan dan Asuransi",Kecil,Jawa Timur,2446880,48,48,0,100.0,3049000.0,3049000.0,0.0,100.0,Tepat Waktu,0,Stabil Patuh,0.0,0,29958.33,305000.0,1695100,0,3,1,0,Patuh,Normal,Tidak Perlu Tindakan,0
BU-0162,Koperasi,N,Jasa Penunjang Usaha (Alih Daya / Outsourcing / Security),Besar,Jawa Timur,2446880,506,506,0,100.0,5176000.0,5176000.0,0.0,100.0,Tepat Waktu,0,Stabil Patuh,15.21,183,0.0,0.0,88439500,0,3,1,0,Patuh,Normal,Tidak Perlu Tindakan,0
BU-0163,CV,H,"Transportasi, Pergudangan & Logistik",Besar,DKI Jakarta,5729876,531,531,0,100.0,14368000.0,14368000.0,0.0,100.0,Tepat Waktu,0,Stabil Patuh,0.0,0,0.0,0.0,0,0,0,0,0,Patuh,Normal,Tidak Perlu Tindakan,0
BU-0164,PT,F,Konstruksi & Infrastruktur,Menengah,Kalimantan Timur,3762431,78,78,0,100.0,5590000.0,5590000.0,0.0,100.0,Tepat Waktu,0,Stabil Patuh,0.0,0,0.0,0.0,0,0,0,0,0,Patuh,Normal,Tidak Perlu Tindakan,0
BU-0165,CV,K,"Jasa Keuangan, Pembiayaan dan Asuransi",Kecil,Jawa Barat,2317601,26,26,0,100.0,3434000.0,3434000.0,0.0,100.0,Tepat Waktu,0,Stabil Patuh,0.0,0,0.0,0.0,0,0,0,0,0,Patuh,Normal,Tidak Perlu Tindakan,0
BU-0166,PT,Q,Aktivitas Pelayanan Kesehatan & Rumah Sakit Swasta,Mikro,Jawa Barat,2317601,5,5,0,100.0,3487000.0,3487000.0,0.0,100.0,Tepat Waktu,0,Stabil Patuh,0.17,2,0.0,0.0,660600,0,3,1,0,Patuh,Normal,Tidak Perlu Tindakan,0
BU-0167,CV,Q,Aktivitas Pelayanan Kesehatan & Rumah Sakit Swasta,Menengah,Bali,3207459,122,61,61,50.0,5691000.0,5691000.0,0.0,100.0,Tepat Waktu,5,Persisten Memburuk,16.17,61,0.0,0.0,108753900,0,5,1,1,PDS Tenaga Kerja,Tinggi,Surat Teguran Tertulis I & Jadwal Audit Wasrik Lapangan,17357550
BU-0168,PT,J,Informasi dan Komunikasi / Teknologi,Menengah,Jawa Timur,2446880,61,61,0,100.0,4324000.0,4324000.0,0.0,100.0,Tepat Waktu,0,Stabil Patuh,0.0,0,0.0,0.0,0,0,0,0,0,Patuh,Normal,Tidak Perlu Tindakan,0
BU-0169,Koperasi,Q,Aktivitas Pelayanan Kesehatan & Rumah Sakit Swasta,Besar,Jawa Tengah,2327386,834,834,0,100.0,5768000.0,5768000.0,0.0,100.0,Tepat Waktu,0,Stabil Patuh,0.0,0,0.0,0.0,0,0,0,0,0,Patuh,Normal,Tidak Perlu Tindakan,0
BU-0170,Koperasi,H,"Transportasi, Pergudangan & Logistik",Menengah,Sumatera Utara,3228949,187,93,94,49.73,5183000.0,4406000.0,777000.0,85.01,Menunggak,19,Persisten Memburuk,66.33,94,558500.0,777000.0,846798500,19,19,1,0,PDS Kombinasi,Tinggi,Surat Teguran Tertulis I & Jadwal Audit Wasrik Lapangan,48461050
BU-0171,PT,G,Perdagangan Besar dan Eceran,Besar,Jawa Timur,2446880,365,365,0,100.0,4913000.0,4913000.0,0.0,100.0,Tepat Waktu,0,Stabil Patuh,0.0,0,0.0,0.0,0,0,0,0,0,Patuh,Normal,Tidak Perlu Tindakan,0
BU-0172,Koperasi,Q,Aktivitas Pelayanan Kesehatan & Rumah Sakit Swasta,Mikro,Riau,3780495,6,6,0,100.0,5173000.0,5173000.0,0.0,100.0,Tepat Waktu,0,Stabil Patuh,0.0,0,0.0,0.0,0,0,0,0,0,Patuh,Normal,Tidak Perlu Tindakan,0
BU-0173,CV,K,"Jasa Keuangan, Pembiayaan dan Asuransi",Besar,Jawa Barat,2317601,788,788,0,100.0,4995000.0,4995000.0,0.0,100.0,Tepat Waktu,0,Stabil Patuh,0.0,0,0.0,0.0,370659450,3,3,1,0,Patuh,Normal,Tidak Perlu Tindakan,0
BU-0174,PT,N,Jasa Penunjang Usaha (Alih Daya / Outsourcing / Security),Kecil,DKI Jakarta,5729876,23,23,0,100.0,6133000.0,6133000.0,0.0,100.0,Tepat Waktu,0,Stabil Patuh,0.58,7,0.0,0.0,4045300,0,3,1,0,Patuh,Normal,Tidak Perlu Tindakan,0
BU-0175,CV,K,"Jasa Keuangan, Pembiayaan dan Asuransi",Menengah,Sulawesi Selatan,3921088,182,182,0,100.0,5518000.0,5518000.0,0.0,100.0,Tepat Waktu,0,Stabil Patuh,0.0,0,0.0,0.0,95868300,3,3,1,0,Patuh,Normal,Tidak Perlu Tindakan,0
BU-0176,CV,Q,Aktivitas Pelayanan Kesehatan & Rumah Sakit Swasta,Kecil,Banten,3100881,31,31,0,100.0,4244000.0,4244000.0,0.0,100.0,Tepat Waktu,0,Stabil Patuh,0.0,0,0.0,0.0,0,0,0,0,0,Patuh,Normal,Tidak Perlu Tindakan,0
BU-0177,PT,N,Jasa Penunjang Usaha (Alih Daya / Outsourcing / Security),Menengah,DKI Jakarta,5729876,126,126,0,100.0,8275000.0,8275000.0,0.0,100.0,Tepat Waktu,0,Stabil Patuh,0.0,0,0.0,0.0,96881200,3,3,1,0,Patuh,Normal,Tidak Perlu Tindakan,0
BU-0178,CV,H,"Transportasi, Pergudangan & Logistik",Menengah,Bali,3207459,90,45,45,50.0,5741000.0,5741000.0,0.0,100.0,Tepat Waktu,5,Persisten Memburuk,11.54,45,0.0,0.0,78597850,0,5,1,1,PDS Tenaga Kerja,Tinggi,Surat Teguran Tertulis I & Jadwal Audit Wasrik Lapangan,12917250
BU-0179,PT,C,Industri Pengolahan / Manufaktur,Menengah,Sumatera Utara,3228949,164,82,82,50.0,6033000.0,5128000.0,905000.0,85.0,Menunggak,21,Persisten Memburuk,64.83,82,720875.0,905000.0,954633250,21,21,1,0,PDS Kombinasi,Tinggi,Surat Teguran Tertulis I & Jadwal Audit Wasrik Lapangan,49470600
BU-0180,PT,K,"Jasa Keuangan, Pembiayaan dan Asuransi",Mikro,Jawa Barat,2317601,7,7,0,100.0,3414000.0,3414000.0,0.0,100.0,Tepat Waktu,0,Stabil Patuh,0.0,0,0.0,0.0,0,0,0,0,0,Patuh,Normal,Tidak Perlu Tindakan,0
BU-0181,PT,Q,Aktivitas Pelayanan Kesehatan & Rumah Sakit Swasta,Kecil,Sulawesi Selatan,3921088,10,10,0,100.0,5920000.0,5920000.0,0.0,100.0,Tepat Waktu,0,Stabil Patuh,0.33,4,0.0,0.0,2249200,0,3,1,0,Patuh,Normal,Tidak Perlu Tindakan,0
BU-0182,Koperasi,N,Jasa Penunjang Usaha (Alih Daya / Outsourcing / Security),Kecil,Jawa Tengah,2327386,26,26,0,100.0,3134000.0,3134000.0,0.0,100.0,Tepat Waktu,0,Stabil Patuh,0.88,11,0.0,0.0,3154200,0,3,1,0,Patuh,Normal,Tidak Perlu Tindakan,0
BU-0183,PT,G,Perdagangan Besar dan Eceran,Kecil,DKI Jakarta,5729876,26,26,0,100.0,8530000.0,8530000.0,0.0,100.0,Tepat Waktu,0,Stabil Patuh,0.62,8,0.0,0.0,6108750,0,3,1,0,Patuh,Normal,Tidak Perlu Tindakan,0
BU-0184,Yayasan,Q,Aktivitas Pelayanan Kesehatan & Rumah Sakit Swasta,Menengah,Sumatera Utara,3228949,175,175,0,100.0,6783000.0,6783000.0,0.0,100.0,Tepat Waktu,0,Stabil Patuh,5.25,63,0.0,0.0,40578300,0,3,1,0,Patuh,Normal,Tidak Perlu Tindakan,0
BU-0185,Yayasan,G,Perdagangan Besar dan Eceran,Besar,Jawa Timur,2446880,390,390,0,100.0,3376000.0,3376000.0,0.0,100.0,Tepat Waktu,0,Stabil Patuh,11.75,141,0.0,0.0,45585300,0,3,1,0,Patuh,Normal,Tidak Perlu Tindakan,0
BU-0186,Koperasi,J,Informasi dan Komunikasi / Teknologi,Mikro,Banten,3100881,8,8,0,100.0,3438000.0,3438000.0,0.0,100.0,Tepat Waktu,0,Stabil Patuh,0.0,0,0.0,0.0,0,0,0,0,0,Patuh,Normal,Tidak Perlu Tindakan,0
BU-0187,PT,N,Jasa Penunjang Usaha (Alih Daya / Outsourcing / Security),Menengah,Jawa Tengah,2327386,111,111,0,100.0,3863000.0,3863000.0,0.0,100.0,Tepat Waktu,0,Stabil Patuh,3.42,41,0.0,0.0,15022400,0,3,1,0,Patuh,Normal,Tidak Perlu Tindakan,0
BU-0188,Yayasan,H,"Transportasi, Pergudangan & Logistik",Mikro,DKI Jakarta,5729876,6,6,0,100.0,6386000.0,6386000.0,0.0,100.0,Tepat Waktu,0,Stabil Patuh,0.0,0,0.0,0.0,0,0,0,0,0,Patuh,Normal,Tidak Perlu Tindakan,0
BU-0189,PT,I,Penyediaan Akomodasi dan F&B (Restoran & Hotel),Kecil,Jawa Barat,2317601,20,20,0,100.0,3526000.0,3526000.0,0.0,100.0,Tepat Waktu,0,Stabil Patuh,0.75,9,0.0,0.0,2984400,0,3,1,0,Patuh,Normal,Tidak Perlu Tindakan,0
BU-0190,CV,A,"Pertanian, Perkebunan Kelapa Sawit & Kehutanan",Kecil,Banten,3100881,34,17,17,50.0,4236000.0,3601000.0,635000.0,85.01,Menunggak,18,Persisten Memburuk,10.17,17,431416.67,635000.0,106213350,18,18,1,0,PDS Kombinasi,Tinggi,Surat Teguran Tertulis I & Jadwal Audit Wasrik Lapangan,7201200
BU-0191,PT,F,Konstruksi & Infrastruktur,Kecil,Banten,3100881,20,20,0,100.0,4123000.0,4123000.0,0.0,100.0,Tepat Waktu,0,Stabil Patuh,0.0,0,40250.0,410000.0,1042100,0,3,1,0,Patuh,Normal,Tidak Perlu Tindakan,0
BU-0192,CV,K,"Jasa Keuangan, Pembiayaan dan Asuransi",Besar,Jawa Timur,2446880,653,653,0,100.0,6450000.0,6450000.0,0.0,100.0,Tepat Waktu,0,Stabil Patuh,0.0,0,0.0,0.0,402452050,3,3,1,0,Patuh,Normal,Tidak Perlu Tindakan,0
BU-0193,CV,A,"Pertanian, Perkebunan Kelapa Sawit & Kehutanan",Kecil,DKI Jakarta,5729876,15,7,8,46.67,7083000.0,6021000.0,1062000.0,85.01,Menunggak,16,Persisten Memburuk,4.58,8,636500.0,1062000.0,80841600,16,16,1,0,PDS Kombinasi,Tinggi,Surat Teguran Tertulis I & Jadwal Audit Wasrik Lapangan,5312250
BU-0194,Yayasan,H,"Transportasi, Pergudangan & Logistik",Besar,Jawa Barat,2317601,254,254,0,100.0,6632000.0,6632000.0,0.0,100.0,Tepat Waktu,0,Stabil Patuh,0.0,0,0.0,0.0,0,0,0,0,0,Patuh,Normal,Tidak Perlu Tindakan,0
BU-0195,Koperasi,G,Perdagangan Besar dan Eceran,Menengah,Banten,3100881,138,138,0,100.0,6787000.0,6787000.0,0.0,100.0,Tepat Waktu,0,Stabil Patuh,0.0,0,0.0,0.0,0,0,0,0,0,Patuh,Normal,Tidak Perlu Tindakan,0
BU-0196,PT,A,"Pertanian, Perkebunan Kelapa Sawit & Kehutanan",Mikro,Jawa Barat,2317601,6,6,0,100.0,2670000.0,2670000.0,0.0,100.0,Tepat Waktu,0,Stabil Patuh,0.0,0,0.0,0.0,0,0,0,0,0,Patuh,Normal,Tidak Perlu Tindakan,0
BU-0197,PT,C,Industri Pengolahan / Manufaktur,Mikro,DKI Jakarta,5729876,5,5,0,100.0,7406000.0,7406000.0,0.0,100.0,Tepat Waktu,0,Stabil Patuh,0.0,0,0.0,0.0,0,0,0,0,0,Patuh,Normal,Tidak Perlu Tindakan,0
BU-0198,PT,F,Konstruksi & Infrastruktur,Kecil,Jawa Timur,2446880,54,54,0,100.0,3509000.0,3509000.0,0.0,100.0,Tepat Waktu,0,Stabil Patuh,0.0,0,0.0,0.0,0,0,0,0,0,Patuh,Normal,Tidak Perlu Tindakan,0
BU-0199,CV,Q,Aktivitas Pelayanan Kesehatan & Rumah Sakit Swasta,Menengah,Kalimantan Timur,3762431,112,112,0,100.0,7322000.0,7322000.0,0.0,100.0,Tepat Waktu,0,Stabil Patuh,0.0,0,0.0,0.0,0,0,0,0,0,Patuh,Normal,Tidak Perlu Tindakan,0
BU-0200,PT,A,"Pertanian, Perkebunan Kelapa Sawit & Kehutanan",Mikro,DKI Jakarta,5729876,12,12,0,100.0,7671000.0,7671000.0,0.0,100.0,Tepat Waktu,0,Stabil Patuh,0.0,0,0.0,0.0,0,0,0,0,0,Patuh,Normal,Tidak Perlu Tindakan,0
BU-0201,CV,C,Industri Pengolahan / Manufaktur,Kecil,DKI Jakarta,5729876,39,39,0,100.0,7526000.0,7526000.0,0.0,100.0,Tepat Waktu,0,Stabil Patuh,0.0,0,0.0,0.0,0,0,0,0,0,Patuh,Normal,Tidak Perlu Tindakan,0
BU-0202,CV,J,Informasi dan Komunikasi / Teknologi,Kecil,DKI Jakarta,5729876,26,26,0,100.0,6600000.0,6600000.0,0.0,100.0,Tepat Waktu,0,Stabil Patuh,0.0,0,0.0,0.0,0,0,0,0,0,Patuh,Normal,Tidak Perlu Tindakan,0
BU-0203,Koperasi,G,Perdagangan Besar dan Eceran,Kecil,DKI Jakarta,5729876,45,45,0,100.0,7067000.0,7067000.0,0.0,100.0,Tepat Waktu,0,Stabil Patuh,0.0,0,0.0,0.0,0,0,0,0,0,Patuh,Normal,Tidak Perlu Tindakan,0
BU-0204,PT,N,Jasa Penunjang Usaha (Alih Daya / Outsourcing / Security),Menengah,Jawa Tengah,2327386,168,168,0,100.0,4854000.0,4854000.0,0.0,100.0,Tepat Waktu,0,Stabil Patuh,0.0,0,0.0,0.0,0,0,0,0,0,Patuh,Normal,Tidak Perlu Tindakan,0
BU-0205,Yayasan,J,Informasi dan Komunikasi / Teknologi,Besar,Jawa Timur,2446880,244,244,0,100.0,6732000.0,6732000.0,0.0,100.0,Tepat Waktu,0,Stabil Patuh,0.0,0,0.0,0.0,0,0,0,0,0,Patuh,Normal,Tidak Perlu Tindakan,0
BU-0206,PT,H,"Transportasi, Pergudangan & Logistik",Kecil,Sulawesi Selatan,3921088,21,21,0,100.0,5853000.0,5853000.0,0.0,100.0,Tepat Waktu,0,Stabil Patuh,0.0,0,0.0,0.0,0,0,0,0,0,Patuh,Normal,Tidak Perlu Tindakan,0
BU-0207,Koperasi,H,"Transportasi, Pergudangan & Logistik",Kecil,Sumatera Utara,3228949,38,38,0,100.0,4237000.0,4237000.0,0.0,100.0,Tepat Waktu,0,Stabil Patuh,0.0,0,41250.0,420000.0,1954500,0,3,1,0,Patuh,Normal,Tidak Perlu Tindakan,0
BU-0208,Koperasi,Q,Aktivitas Pelayanan Kesehatan & Rumah Sakit Swasta,Kecil,DKI Jakarta,5729876,39,39,0,100.0,6959000.0,6959000.0,0.0,100.0,Tepat Waktu,0,Stabil Patuh,0.0,0,0.0,0.0,0,0,0,0,0,Patuh,Normal,Tidak Perlu Tindakan,0
BU-0209,CV,K,"Jasa Keuangan, Pembiayaan dan Asuransi",Kecil,Jawa Timur,2446880,15,15,0,100.0,2816000.0,2816000.0,0.0,100.0,Tepat Waktu,0,Stabil Patuh,0.0,0,0.0,0.0,0,0,0,0,0,Patuh,Normal,Tidak Perlu Tindakan,0
BU-0210,PT,H,"Transportasi, Pergudangan & Logistik",Kecil,Jawa Tengah,2327386,40,40,0,100.0,2609000.0,2609000.0,0.0,100.0,Tepat Waktu,0,Stabil Patuh,0.0,0,0.0,0.0,0,0,0,0,0,Patuh,Normal,Tidak Perlu Tindakan,0
BU-0211,CV,C,Industri Pengolahan / Manufaktur,Kecil,Jawa Tengah,2327386,10,10,0,100.0,3321000.0,3321000.0,0.0,100.0,Tepat Waktu,0,Stabil Patuh,0.0,0,0.0,0.0,3440800,3,3,1,0,Patuh,Normal,Tidak Perlu Tindakan,0
BU-0212,PT,G,Perdagangan Besar dan Eceran,Kecil,Jawa Timur,2446880,35,35,0,100.0,2990000.0,2990000.0,0.0,100.0,Tepat Waktu,0,Stabil Patuh,0.0,0,0.0,0.0,0,0,0,0,0,Patuh,Normal,Tidak Perlu Tindakan,0
BU-0213,CV,C,Industri Pengolahan / Manufaktur,Kecil,Jawa Timur,2446880,14,14,0,100.0,2595000.0,2595000.0,0.0,100.0,Tepat Waktu,0,Stabil Patuh,0.0,0,0.0,0.0,0,0,0,0,0,Patuh,Normal,Tidak Perlu Tindakan,0
BU-0214,PT,G,Perdagangan Besar dan Eceran,Kecil,Jawa Barat,2317601,15,15,0,100.0,2719000.0,2719000.0,0.0,100.0,Tepat Waktu,0,Stabil Patuh,0.0,0,0.0,0.0,0,0,0,0,0,Patuh,Normal,Tidak Perlu Tindakan,0
BU-0215,PT,J,Informasi dan Komunikasi / Teknologi,Mikro,DKI Jakarta,5729876,6,6,0,100.0,7679000.0,7679000.0,0.0,100.0,Tepat Waktu,0,Stabil Patuh,0.0,0,0.0,0.0,0,0,0,0,0,Patuh,Normal,Tidak Perlu Tindakan,0
BU-0216,CV,J,Informasi dan Komunikasi / Teknologi,Menengah,Kalimantan Timur,3762431,170,170,0,100.0,4803000.0,4803000.0,0.0,100.0,Tepat Waktu,0,Stabil Patuh,5.17,62,0.0,0.0,28067400,0,3,1,0,Patuh,Normal,Tidak Perlu Tindakan,0
BU-0217,CV,H,"Transportasi, Pergudangan & Logistik",Mikro,Sumatera Utara,3228949,9,9,0,100.0,3725000.0,3725000.0,0.0,100.0,Tepat Waktu,0,Stabil Patuh,0.0,0,0.0,0.0,0,0,0,0,0,Patuh,Normal,Tidak Perlu Tindakan,0
BU-0218,Yayasan,K,"Jasa Keuangan, Pembiayaan dan Asuransi",Menengah,Jawa Timur,2446880,126,126,0,100.0,3024000.0,3024000.0,0.0,100.0,Tepat Waktu,0,Stabil Patuh,3.96,47,0.0,0.0,13537500,0,3,1,0,Patuh,Normal,Tidak Perlu Tindakan,0
BU-0219,CV,N,Jasa Penunjang Usaha (Alih Daya / Outsourcing / Security),Kecil,Banten,3100881,29,29,0,100.0,3812000.0,3812000.0,0.0,100.0,Tepat Waktu,0,Stabil Patuh,0.0,0,0.0,0.0,0,0,0,0,0,Patuh,Normal,Tidak Perlu Tindakan,0
BU-0220,CV,F,Konstruksi & Infrastruktur,Menengah,Jawa Barat,2317601,139,139,0,100.0,4249000.0,4249000.0,0.0,100.0,Tepat Waktu,0,Stabil Patuh,4.12,49,0.0,0.0,19790100,0,3,1,0,Patuh,Normal,Tidak Perlu Tindakan,0
BU-0221,CV,Q,Aktivitas Pelayanan Kesehatan & Rumah Sakit Swasta,Menengah,Jawa Barat,2317601,193,97,96,50.26,5014000.0,5014000.0,0.0,100.0,Tepat Waktu,5,Persisten Memburuk,25.46,96,0.0,0.0,151266400,0,5,1,1,PDS Tenaga Kerja,Tinggi,Surat Teguran Tertulis I & Jadwal Audit Wasrik Lapangan,24067200
BU-0222,Yayasan,N,Jasa Penunjang Usaha (Alih Daya / Outsourcing / Security),Kecil,Jawa Barat,2317601,31,31,0,100.0,2625000.0,2625000.0,0.0,100.0,Tepat Waktu,0,Stabil Patuh,0.0,0,0.0,0.0,0,0,0,0,0,Patuh,Normal,Tidak Perlu Tindakan,0
BU-0223,PT,F,Konstruksi & Infrastruktur,Kecil,Jawa Barat,2317601,35,35,0,100.0,3240000.0,3240000.0,0.0,100.0,Tepat Waktu,0,Stabil Patuh,0.0,0,0.0,0.0,0,0,0,0,0,Patuh,Normal,Tidak Perlu Tindakan,0
BU-0224,CV,A,"Pertanian, Perkebunan Kelapa Sawit & Kehutanan",Besar,Jawa Barat,2317601,228,228,0,100.0,3490000.0,3490000.0,0.0,100.0,Tepat Waktu,0,Stabil Patuh,0.0,0,0.0,0.0,0,0,0,0,0,Patuh,Normal,Tidak Perlu Tindakan,0
BU-0225,Koperasi,J,Informasi dan Komunikasi / Teknologi,Kecil,DKI Jakarta,5729876,29,29,0,100.0,7700000.0,7700000.0,0.0,100.0,Tepat Waktu,0,Stabil Patuh,0.75,9,0.0,0.0,6484500,0,3,1,0,Patuh,Normal,Tidak Perlu Tindakan,0
BU-0226,CV,I,Penyediaan Akomodasi dan F&B (Restoran & Hotel),Kecil,Bali,3207459,13,13,0,100.0,4053000.0,4053000.0,0.0,100.0,Tepat Waktu,0,Stabil Patuh,0.0,0,0.0,0.0,0,0,0,0,0,Patuh,Normal,Tidak Perlu Tindakan,0
BU-0227,Yayasan,N,Jasa Penunjang Usaha (Alih Daya / Outsourcing / Security),Menengah,Sulawesi Selatan,3921088,97,97,0,100.0,6631000.0,6631000.0,0.0,100.0,Tepat Waktu,0,Stabil Patuh,0.0,0,0.0,0.0,59664000,3,3,1,0,Patuh,Normal,Tidak Perlu Tindakan,0
BU-0228,CV,K,"Jasa Keuangan, Pembiayaan dan Asuransi",Menengah,Jawa Barat,2317601,137,137,0,100.0,3855000.0,3855000.0,0.0,100.0,Tepat Waktu,0,Stabil Patuh,0.0,0,0.0,0.0,0,0,0,0,0,Patuh,Normal,Tidak Perlu Tindakan,0
BU-0229,CV,N,Jasa Penunjang Usaha (Alih Daya / Outsourcing / Security),Menengah,Sulawesi Selatan,3921088,150,150,0,100.0,8515000.0,8515000.0,0.0,100.0,Tepat Waktu,0,Stabil Patuh,4.5,54,0.0,0.0,43837200,0,3,1,0,Patuh,Normal,Tidak Perlu Tindakan,0
BU-0230,PT,N,Jasa Penunjang Usaha (Alih Daya / Outsourcing / Security),Kecil,Jawa Barat,2317601,29,29,0,100.0,2829000.0,2829000.0,0.0,100.0,Tepat Waktu,0,Stabil Patuh,0.0,0,27833.33,283000.0,1194300,0,3,1,0,Patuh,Normal,Tidak Perlu Tindakan,0
BU-0231,Koperasi,I,Penyediaan Akomodasi dan F&B (Restoran & Hotel),Kecil,Jawa Barat,2317601,43,43,0,100.0,2594000.0,2594000.0,0.0,100.0,Tepat Waktu,0,Stabil Patuh,0.0,0,0.0,0.0,0,0,0,0,0,Patuh,Normal,Tidak Perlu Tindakan,0
BU-0232,PT,J,Informasi dan Komunikasi / Teknologi,Menengah,Jawa Barat,2317601,177,177,0,100.0,4217000.0,4217000.0,0.0,100.0,Tepat Waktu,0,Stabil Patuh,0.0,0,0.0,0.0,0,0,0,0,0,Patuh,Normal,Tidak Perlu Tindakan,0
BU-0233,Yayasan,H,"Transportasi, Pergudangan & Logistik",Kecil,Jawa Barat,2317601,8,8,0,100.0,2574000.0,2574000.0,0.0,100.0,Tepat Waktu,0,Stabil Patuh,0.38,4,0.0,0.0,1094400,0,3,1,0,Patuh,Normal,Tidak Perlu Tindakan,0
BU-0234,Yayasan,K,"Jasa Keuangan, Pembiayaan dan Asuransi",Mikro,Banten,3100881,8,8,0,100.0,4754000.0,4754000.0,0.0,100.0,Tepat Waktu,0,Stabil Patuh,0.12,1,0.0,0.0,667200,0,3,1,0,Patuh,Normal,Tidak Perlu Tindakan,0
BU-0235,CV,A,"Pertanian, Perkebunan Kelapa Sawit & Kehutanan",Mikro,Jawa Barat,2317601,4,4,0,100.0,2917000.0,2917000.0,0.0,100.0,Tepat Waktu,0,Stabil Patuh,0.0,0,0.0,0.0,0,0,0,0,0,Patuh,Normal,Tidak Perlu Tindakan,0
BU-0236,PT,F,Konstruksi & Infrastruktur,Menengah,Bali,3207459,87,87,0,100.0,6627000.0,6627000.0,0.0,100.0,Tepat Waktu,0,Stabil Patuh,0.0,0,0.0,0.0,0,0,0,0,0,Patuh,Normal,Tidak Perlu Tindakan,0
BU-0237,PT,Q,Aktivitas Pelayanan Kesehatan & Rumah Sakit Swasta,Menengah,Jawa Barat,2317601,164,164,0,100.0,4460000.0,4460000.0,0.0,100.0,Tepat Waktu,0,Stabil Patuh,0.0,0,43875.0,447000.0,8471850,0,3,1,0,Patuh,Normal,Tidak Perlu Tindakan,0
BU-0238,Yayasan,H,"Transportasi, Pergudangan & Logistik",Kecil,Jawa Timur,2446880,27,27,0,100.0,3160000.0,3160000.0,0.0,100.0,Tepat Waktu,0,Stabil Patuh,0.0,0,0.0,0.0,0,0,0,0,0,Patuh,Normal,Tidak Perlu Tindakan,0
BU-0239,Yayasan,J,Informasi dan Komunikasi / Teknologi,Menengah,Jawa Barat,2317601,164,82,82,50.0,3701000.0,3146000.0,555000.0,85.0,Menunggak,22,Persisten Memburuk,69.75,84,465250.0,555000.0,629594150,22,22,1,0,PDS Kombinasi,Tinggi,Surat Teguran Tertulis I & Jadwal Audit Wasrik Lapangan,30348200
BU-0240,PT,N,Jasa Penunjang Usaha (Alih Daya / Outsourcing / Security),Menengah,Sulawesi Selatan,3921088,199,199,0,100.0,5166000.0,5166000.0,0.0,100.0,Tepat Waktu,0,Stabil Patuh,0.0,0,0.0,0.0,0,0,0,0,0,Patuh,Normal,Tidak Perlu Tindakan,0
BU-0241,Yayasan,I,Penyediaan Akomodasi dan F&B (Restoran & Hotel),Mikro,Sulawesi Selatan,3921088,3,3,0,100.0,4782000.0,4782000.0,0.0,100.0,Tepat Waktu,0,Stabil Patuh,0.0,0,0.0,0.0,0,0,0,0,0,Patuh,Normal,Tidak Perlu Tindakan,0
BU-0242,CV,Q,Aktivitas Pelayanan Kesehatan & Rumah Sakit Swasta,Menengah,Jawa Tengah,2327386,69,69,0,100.0,4331000.0,4331000.0,0.0,100.0,Tepat Waktu,0,Stabil Patuh,2.12,25,0.0,0.0,10615650,0,3,1,0,Patuh,Normal,Tidak Perlu Tindakan,0
BU-0243,CV,G,Perdagangan Besar dan Eceran,Kecil,DKI Jakarta,5729876,45,45,0,100.0,6356000.0,6356000.0,0.0,100.0,Tepat Waktu,0,Stabil Patuh,0.0,0,44390.5,355124.0,2574649,0,3,1,0,Patuh,Normal,Tidak Perlu Tindakan,0
BU-0244,PT,G,Perdagangan Besar dan Eceran,Menengah,DKI Jakarta,5729876,63,63,0,100.0,12070000.0,12070000.0,0.0,100.0,Tepat Waktu,0,Stabil Patuh,0.0,0,0.0,0.0,0,0,0,0,0,Patuh,Normal,Tidak Perlu Tindakan,0
BU-0245,CV,Q,Aktivitas Pelayanan Kesehatan & Rumah Sakit Swasta,Kecil,Jawa Tengah,2327386,20,20,0,100.0,2574000.0,2574000.0,0.0,100.0,Tepat Waktu,0,Stabil Patuh,0.75,9,0.0,0.0,2172600,0,3,1,0,Patuh,Normal,Tidak Perlu Tindakan,0
BU-0246,PT,I,Penyediaan Akomodasi dan F&B (Restoran & Hotel),Menengah,Riau,3780495,169,169,0,100.0,6681000.0,6681000.0,0.0,100.0,Tepat Waktu,0,Stabil Patuh,0.0,0,0.0,0.0,0,0,0,0,0,Patuh,Normal,Tidak Perlu Tindakan,0
BU-0247,Koperasi,C,Industri Pengolahan / Manufaktur,Kecil,Banten,3100881,19,19,0,100.0,4674000.0,4674000.0,0.0,100.0,Tepat Waktu,0,Stabil Patuh,0.0,0,0.0,0.0,0,0,0,0,0,Patuh,Normal,Tidak Perlu Tindakan,0
BU-0248,PT,I,Penyediaan Akomodasi dan F&B (Restoran & Hotel),Kecil,Jawa Barat,2317601,5,5,0,100.0,3318000.0,3318000.0,0.0,100.0,Tepat Waktu,0,Stabil Patuh,0.0,0,32250.0,328000.0,477300,0,3,1,0,Patuh,Normal,Tidak Perlu Tindakan,0
BU-0249,PT,J,Informasi dan Komunikasi / Teknologi,Kecil,Jawa Barat,2317601,26,26,0,100.0,3301000.0,3301000.0,0.0,100.0,Tepat Waktu,0,Stabil Patuh,0.0,0,0.0,0.0,7281800,3,3,1,0,Patuh,Normal,Tidak Perlu Tindakan,0
BU-0250,PT,G,Perdagangan Besar dan Eceran,Menengah,Jawa Timur,2446880,193,97,96,50.26,3637000.0,3091000.0,546000.0,84.99,Menunggak,19,Persisten Memburuk,70.58,98,391041.67,546000.0,631864750,19,19,1,0,PDS Kombinasi,Tinggi,Surat Teguran Tertulis I & Jadwal Audit Wasrik Lapangan,35097050
BU-0251,Koperasi,I,Penyediaan Akomodasi dan F&B (Restoran & Hotel),Menengah,DKI Jakarta,5729876,85,43,42,50.59,8439000.0,7173000.0,1266000.0,85.0,Menunggak,22,Persisten Memburuk,36.21,44,1055208.33,1266000.0,740610650,22,22,1,0,PDS Kombinasi,Tinggi,Surat Teguran Tertulis I & Jadwal Audit Wasrik Lapangan,35865750
BU-0252,Yayasan,I,Penyediaan Akomodasi dan F&B (Restoran & Hotel),Menengah,Jawa Barat,2317601,159,159,0,100.0,2980000.0,2980000.0,0.0,100.0,Tepat Waktu,0,Stabil Patuh,0.0,0,0.0,0.0,0,0,0,0,0,Patuh,Normal,Tidak Perlu Tindakan,0
BU-0253,PT,Q,Aktivitas Pelayanan Kesehatan & Rumah Sakit Swasta,Besar,Jawa Timur,2446880,300,300,0,100.0,6222000.0,6222000.0,0.0,100.0,Tepat Waktu,0,Stabil Patuh,9.0,108,0.0,0.0,63331200,0,3,1,0,Patuh,Normal,Tidak Perlu Tindakan,0
BU-0254,CV,A,"Pertanian, Perkebunan Kelapa Sawit & Kehutanan",Kecil,Sumatera Utara,3228949,23,23,0,100.0,4146000.0,4146000.0,0.0,100.0,Tepat Waktu,0,Stabil Patuh,0.0,0,0.0,0.0,0,0,0,0,0,Patuh,Normal,Tidak Perlu Tindakan,0
BU-0255,PT,C,Industri Pengolahan / Manufaktur,Mikro,Jawa Barat,2317601,7,7,0,100.0,2615000.0,2615000.0,0.0,100.0,Tepat Waktu,0,Stabil Patuh,0.0,0,16174.88,129399.0,71170,0,3,1,0,Patuh,Normal,Tidak Perlu Tindakan,0
BU-0256,Yayasan,G,Perdagangan Besar dan Eceran,Besar,Jawa Timur,2446880,479,479,0,100.0,3673000.0,3673000.0,0.0,100.0,Tepat Waktu,0,Stabil Patuh,0.0,0,36333.33,370000.0,21091850,0,3,1,0,Patuh,Normal,Tidak Perlu Tindakan,0
BU-0257,Yayasan,I,Penyediaan Akomodasi dan F&B (Restoran & Hotel),Mikro,Jawa Barat,2317601,5,5,0,100.0,2538000.0,2538000.0,0.0,100.0,Tepat Waktu,0,Stabil Patuh,0.0,0,0.0,0.0,1085850,3,3,1,0,Patuh,Normal,Tidak Perlu Tindakan,0
BU-0258,CV,N,Jasa Penunjang Usaha (Alih Daya / Outsourcing / Security),Kecil,Riau,3780495,14,14,0,100.0,3995000.0,3995000.0,0.0,100.0,Tepat Waktu,0,Stabil Patuh,0.0,0,0.0,0.0,0,0,0,0,0,Patuh,Normal,Tidak Perlu Tindakan,0
BU-0259,PT,J,Informasi dan Komunikasi / Teknologi,Kecil,Sumatera Utara,3228949,28,28,0,100.0,3928000.0,3928000.0,0.0,100.0,Tepat Waktu,0,Stabil Patuh,0.0,0,0.0,0.0,0,0,0,0,0,Patuh,Normal,Tidak Perlu Tindakan,0
BU-0260,CV,C,Industri Pengolahan / Manufaktur,Menengah,Jawa Tengah,2327386,162,162,0,100.0,3626000.0,3626000.0,0.0,100.0,Tepat Waktu,0,Stabil Patuh,0.0,0,35625.0,363000.0,7122450,0,3,1,0,Patuh,Normal,Tidak Perlu Tindakan,0
BU-0261,PT,F,Konstruksi & Infrastruktur,Kecil,Jawa Tengah,2327386,31,31,0,100.0,2840000.0,2840000.0,0.0,100.0,Tepat Waktu,0,Stabil Patuh,1.0,12,0.0,0.0,3235200,0,3,1,0,Patuh,Normal,Tidak Perlu Tindakan,0
BU-0262,PT,F,Konstruksi & Infrastruktur,Besar,Jawa Barat,2317601,814,814,0,100.0,5765000.0,5765000.0,0.0,100.0,Tepat Waktu,0,Stabil Patuh,0.0,0,0.0,0.0,0,0,0,0,0,Patuh,Normal,Tidak Perlu Tindakan,0
BU-0263,PT,A,"Pertanian, Perkebunan Kelapa Sawit & Kehutanan",Kecil,Jawa Timur,2446880,3,3,0,100.0,3470000.0,3470000.0,0.0,100.0,Tepat Waktu,0,Stabil Patuh,0.0,0,0.0,0.0,0,0,0,0,0,Patuh,Normal,Tidak Perlu Tindakan,0
BU-0264,PT,K,"Jasa Keuangan, Pembiayaan dan Asuransi",Menengah,Sulawesi Selatan,3921088,143,143,0,100.0,8448000.0,8448000.0,0.0,100.0,Tepat Waktu,0,Stabil Patuh,0.0,0,0.0,0.0,0,0,0,0,0,Patuh,Normal,Tidak Perlu Tindakan,0
BU-0265,Koperasi,G,Perdagangan Besar dan Eceran,Mikro,Banten,3100881,3,3,0,100.0,4111000.0,4111000.0,0.0,100.0,Tepat Waktu,0,Stabil Patuh,0.17,2,0.0,0.0,784000,0,3,1,0,Patuh,Normal,Tidak Perlu Tindakan,0
BU-0266,Koperasi,A,"Pertanian, Perkebunan Kelapa Sawit & Kehutanan",Menengah,Riau,3780495,145,73,72,50.34,4859000.0,4130000.0,729000.0,85.0,Menunggak,21,Persisten Memburuk,59.33,74,582291.67,729000.0,706616850,21,21,1,0,PDS Kombinasi,Tinggi,Surat Teguran Tertulis I & Jadwal Audit Wasrik Lapangan,35227750
BU-0267,CV,F,Konstruksi & Infrastruktur,Menengah,Jawa Tengah,2327386,187,93,94,49.73,3635000.0,3090000.0,545000.0,85.01,Menunggak,22,Persisten Memburuk,79.33,94,453083.33,545000.0,697585050,22,22,1,0,PDS Kombinasi,Tinggi,Surat Teguran Tertulis I & Jadwal Audit Wasrik Lapangan,33987250
BU-0268,PT,N,Jasa Penunjang Usaha (Alih Daya / Outsourcing / Security),Menengah,DKI Jakarta,5729876,158,158,0,100.0,7617000.0,7617000.0,0.0,100.0,Tepat Waktu,0,Stabil Patuh,4.75,57,0.0,0.0,41159700,0,3,1,0,Patuh,Normal,Tidak Perlu Tindakan,0
BU-0269,Yayasan,G,Perdagangan Besar dan Eceran,Besar,Banten,3100881,707,707,0,100.0,8845000.0,8845000.0,0.0,100.0,Tepat Waktu,0,Stabil Patuh,0.0,0,87291.67,889000.0,73953500,0,3,1,0,Patuh,Normal,Tidak Perlu Tindakan,0
BU-0270,Yayasan,I,Penyediaan Akomodasi dan F&B (Restoran & Hotel),Mikro,Sulawesi Selatan,3921088,11,11,0,100.0,5687000.0,5687000.0,0.0,100.0,Tepat Waktu,0,Stabil Patuh,0.0,0,0.0,0.0,0,0,0,0,0,Patuh,Normal,Tidak Perlu Tindakan,0
BU-0271,PT,A,"Pertanian, Perkebunan Kelapa Sawit & Kehutanan",Mikro,Bali,3207459,6,6,0,100.0,3624000.0,3624000.0,0.0,100.0,Tepat Waktu,0,Stabil Patuh,0.0,0,0.0,0.0,1724000,3,3,1,0,Patuh,Normal,Tidak Perlu Tindakan,0
BU-0272,PT,A,"Pertanian, Perkebunan Kelapa Sawit & Kehutanan",Kecil,Sulawesi Selatan,3921088,26,26,0,100.0,4245000.0,4245000.0,0.0,100.0,Tepat Waktu,0,Stabil Patuh,0.0,0,0.0,0.0,9604800,3,3,1,0,Patuh,Normal,Tidak Perlu Tindakan,0
BU-0273,PT,H,"Transportasi, Pergudangan & Logistik",Mikro,Jawa Timur,2446880,3,3,0,100.0,3516000.0,3516000.0,0.0,100.0,Tepat Waktu,0,Stabil Patuh,0.0,0,0.0,0.0,0,0,0,0,0,Patuh,Normal,Tidak Perlu Tindakan,0
BU-0274,PT,A,"Pertanian, Perkebunan Kelapa Sawit & Kehutanan",Mikro,Jawa Barat,2317601,10,10,0,100.0,3372000.0,3372000.0,0.0,100.0,Tepat Waktu,0,Stabil Patuh,0.0,0,0.0,0.0,2737850,3,3,1,0,Patuh,Normal,Tidak Perlu Tindakan,0
BU-0275,PT,N,Jasa Penunjang Usaha (Alih Daya / Outsourcing / Security),Kecil,Jawa Barat,2317601,50,50,0,100.0,2694000.0,2694000.0,0.0,100.0,Tepat Waktu,0,Stabil Patuh,0.0,0,0.0,0.0,0,0,0,0,0,Patuh,Normal,Tidak Perlu Tindakan,0
BU-0276,PT,N,Jasa Penunjang Usaha (Alih Daya / Outsourcing / Security),Kecil,Kalimantan Timur,3762431,12,12,0,100.0,4383000.0,4383000.0,0.0,100.0,Tepat Waktu,0,Stabil Patuh,0.0,0,0.0,0.0,0,0,0,0,0,Patuh,Normal,Tidak Perlu Tindakan,0
BU-0277,PT,I,Penyediaan Akomodasi dan F&B (Restoran & Hotel),Kecil,Jawa Tengah,2327386,27,27,0,100.0,2900000.0,2900000.0,0.0,100.0,Tepat Waktu,0,Stabil Patuh,0.0,0,0.0,0.0,0,0,0,0,0,Patuh,Normal,Tidak Perlu Tindakan,0
BU-0278,CV,A,"Pertanian, Perkebunan Kelapa Sawit & Kehutanan",Kecil,Banten,3100881,18,18,0,100.0,4092000.0,4092000.0,0.0,100.0,Tepat Waktu,0,Stabil Patuh,0.0,0,0.0,0.0,0,0,0,0,0,Patuh,Normal,Tidak Perlu Tindakan,0
BU-0279,PT,K,"Jasa Keuangan, Pembiayaan dan Asuransi",Besar,Banten,3100881,432,432,0,100.0,5653000.0,5653000.0,0.0,100.0,Tepat Waktu,0,Stabil Patuh,0.0,0,0.0,0.0,0,0,0,0,0,Patuh,Normal,Tidak Perlu Tindakan,0
BU-0280,PT,N,Jasa Penunjang Usaha (Alih Daya / Outsourcing / Security),Menengah,Jawa Barat,2317601,190,190,0,100.0,3090000.0,3090000.0,0.0,100.0,Tepat Waktu,0,Stabil Patuh,5.92,71,0.0,0.0,20625500,0,3,1,0,Patuh,Normal,Tidak Perlu Tindakan,0
BU-0281,PT,A,"Pertanian, Perkebunan Kelapa Sawit & Kehutanan",Kecil,DKI Jakarta,5729876,25,25,0,100.0,7394000.0,7394000.0,0.0,100.0,Tepat Waktu,0,Stabil Patuh,0.83,10,0.0,0.0,6925000,0,3,1,0,Patuh,Normal,Tidak Perlu Tindakan,0
BU-0282,PT,H,"Transportasi, Pergudangan & Logistik",Kecil,Sulawesi Selatan,3921088,34,34,0,100.0,4849000.0,4849000.0,0.0,100.0,Tepat Waktu,0,Stabil Patuh,0.0,0,0.0,0.0,0,0,0,0,0,Patuh,Normal,Tidak Perlu Tindakan,0
BU-0283,CV,Q,Aktivitas Pelayanan Kesehatan & Rumah Sakit Swasta,Kecil,DKI Jakarta,5729876,14,7,7,50.0,7317000.0,7317000.0,0.0,100.0,Tepat Waktu,5,Persisten Memburuk,1.88,7,0.0,0.0,16265250,0,5,1,1,PDS Tenaga Kerja,Tinggi,Surat Teguran Tertulis I & Jadwal Audit Wasrik Lapangan,2560950
BU-0284,PT,J,Informasi dan Komunikasi / Teknologi,Menengah,Jawa Timur,2446880,189,189,0,100.0,4424000.0,4424000.0,0.0,100.0,Tepat Waktu,0,Stabil Patuh,0.0,0,0.0,0.0,0,0,0,0,0,Patuh,Normal,Tidak Perlu Tindakan,0
BU-0285,PT,H,"Transportasi, Pergudangan & Logistik",Kecil,DKI Jakarta,5729876,21,21,0,100.0,6448000.0,6448000.0,0.0,100.0,Tepat Waktu,0,Stabil Patuh,0.0,0,0.0,0.0,8628200,3,3,1,0,Patuh,Normal,Tidak Perlu Tindakan,0
BU-0286,Yayasan,J,Informasi dan Komunikasi / Teknologi,Kecil,DKI Jakarta,5729876,28,28,0,100.0,6540000.0,6540000.0,0.0,100.0,Tepat Waktu,0,Stabil Patuh,0.0,0,0.0,0.0,0,0,0,0,0,Patuh,Normal,Tidak Perlu Tindakan,0
BU-0287,PT,K,"Jasa Keuangan, Pembiayaan dan Asuransi",Menengah,Jawa Timur,2446880,177,177,0,100.0,3977000.0,3977000.0,0.0,100.0,Tepat Waktu,0,Stabil Patuh,0.0,0,0.0,0.0,0,0,0,0,0,Patuh,Normal,Tidak Perlu Tindakan,0
BU-0288,PT,J,Informasi dan Komunikasi / Teknologi,Kecil,Banten,3100881,29,29,0,100.0,4161000.0,4161000.0,0.0,100.0,Tepat Waktu,0,Stabil Patuh,0.75,9,0.0,0.0,3582900,0,3,1,0,Patuh,Normal,Tidak Perlu Tindakan,0
BU-0289,PT,Q,Aktivitas Pelayanan Kesehatan & Rumah Sakit Swasta,Kecil,Banten,3100881,22,22,0,100.0,3857000.0,3857000.0,0.0,100.0,Tepat Waktu,0,Stabil Patuh,0.83,10,0.0,0.0,3643000,0,3,1,0,Patuh,Normal,Tidak Perlu Tindakan,0
BU-0290,PT,I,Penyediaan Akomodasi dan F&B (Restoran & Hotel),Besar,DKI Jakarta,5729876,564,564,0,100.0,14962000.0,14962000.0,0.0,100.0,Tepat Waktu,0,Stabil Patuh,0.0,0,0.0,0.0,673200000,3,3,1,0,Patuh,Normal,Tidak Perlu Tindakan,0
BU-0291,Koperasi,C,Industri Pengolahan / Manufaktur,Menengah,Jawa Barat,2317601,151,151,0,100.0,3610000.0,3610000.0,0.0,100.0,Tepat Waktu,0,Stabil Patuh,0.0,0,0.0,0.0,0,0,0,0,0,Patuh,Normal,Tidak Perlu Tindakan,0
BU-0292,Yayasan,C,Industri Pengolahan / Manufaktur,Kecil,Banten,3100881,47,47,0,100.0,3488000.0,3488000.0,0.0,100.0,Tepat Waktu,0,Stabil Patuh,0.0,0,0.0,0.0,0,0,0,0,0,Patuh,Normal,Tidak Perlu Tindakan,0
BU-0293,PT,F,Konstruksi & Infrastruktur,Mikro,Jawa Tengah,2327386,8,8,0,100.0,2487000.0,2487000.0,0.0,100.0,Tepat Waktu,0,Stabil Patuh,0.17,2,0.0,0.0,469600,0,3,1,0,Patuh,Normal,Tidak Perlu Tindakan,0
BU-0294,PT,H,"Transportasi, Pergudangan & Logistik",Menengah,Jawa Barat,2317601,88,88,0,100.0,4616000.0,4616000.0,0.0,100.0,Tepat Waktu,0,Stabil Patuh,0.0,0,0.0,0.0,0,0,0,0,0,Patuh,Normal,Tidak Perlu Tindakan,0
BU-0295,PT,G,Perdagangan Besar dan Eceran,Menengah,DKI Jakarta,5729876,128,128,0,100.0,7887000.0,7887000.0,0.0,100.0,Tepat Waktu,0,Stabil Patuh,0.0,0,0.0,0.0,0,0,0,0,0,Patuh,Normal,Tidak Perlu Tindakan,0
BU-0296,Koperasi,K,"Jasa Keuangan, Pembiayaan dan Asuransi",Kecil,DKI Jakarta,5729876,34,34,0,100.0,7959000.0,7959000.0,0.0,100.0,Tepat Waktu,0,Stabil Patuh,0.92,11,0.0,0.0,8384200,0,3,1,0,Patuh,Normal,Tidak Perlu Tindakan,0
BU-0297,PT,K,"Jasa Keuangan, Pembiayaan dan Asuransi",Menengah,DKI Jakarta,5729876,132,132,0,100.0,12331000.0,12331000.0,0.0,100.0,Tepat Waktu,0,Stabil Patuh,0.0,0,0.0,0.0,0,0,0,0,0,Patuh,Normal,Tidak Perlu Tindakan,0
BU-0298,Yayasan,H,"Transportasi, Pergudangan & Logistik",Kecil,Riau,3780495,25,25,0,100.0,5779000.0,5779000.0,0.0,100.0,Tepat Waktu,0,Stabil Patuh,0.0,0,0.0,0.0,14993000,3,3,1,0,Patuh,Normal,Tidak Perlu Tindakan,0
BU-0299,PT,N,Jasa Penunjang Usaha (Alih Daya / Outsourcing / Security),Kecil,Jawa Tengah,2327386,20,20,0,100.0,3338000.0,3338000.0,0.0,100.0,Tepat Waktu,0,Stabil Patuh,0.0,0,0.0,0.0,0,0,0,0,0,Patuh,Normal,Tidak Perlu Tindakan,0
BU-0300,CV,A,"Pertanian, Perkebunan Kelapa Sawit & Kehutanan",Mikro,Kalimantan Timur,3762431,5,5,0,100.0,5185000.0,5185000.0,0.0,100.0,Tepat Waktu,0,Stabil Patuh,0.0,0,0.0,0.0,0,0,0,0,0,Patuh,Normal,Tidak Perlu Tindakan,0
BU-0301,PT,C,Industri Pengolahan / Manufaktur,Kecil,DKI Jakarta,5729876,18,18,0,100.0,6913000.0,6913000.0,0.0,100.0,Tepat Waktu,0,Stabil Patuh,0.0,0,0.0,0.0,0,0,0,0,0,Patuh,Normal,Tidak Perlu Tindakan,0
BU-0302,CV,K,"Jasa Keuangan, Pembiayaan dan Asuransi",Besar,Jawa Timur,2446880,634,634,0,100.0,7015000.0,7015000.0,0.0,100.0,Tepat Waktu,0,Stabil Patuh,0.0,0,0.0,0.0,0,0,0,0,0,Patuh,Normal,Tidak Perlu Tindakan,0
BU-0303,PT,N,Jasa Penunjang Usaha (Alih Daya / Outsourcing / Security),Kecil,Sumatera Utara,3228949,36,36,0,100.0,3846000.0,3846000.0,0.0,100.0,Tepat Waktu,0,Stabil Patuh,0.0,0,0.0,0.0,0,0,0,0,0,Patuh,Normal,Tidak Perlu Tindakan,0
BU-0304,Koperasi,A,"Pertanian, Perkebunan Kelapa Sawit & Kehutanan",Kecil,Jawa Barat,2317601,14,14,0,100.0,2842000.0,2842000.0,0.0,100.0,Tepat Waktu,0,Stabil Patuh,0.46,6,0.0,0.0,1481700,0,3,1,0,Patuh,Normal,Tidak Perlu Tindakan,0
BU-0305,PT,N,Jasa Penunjang Usaha (Alih Daya / Outsourcing / Security),Menengah,Jawa Timur,2446880,70,70,0,100.0,4099000.0,4099000.0,0.0,100.0,Tepat Waktu,0,Stabil Patuh,0.0,0,0.0,0.0,0,0,0,0,0,Patuh,Normal,Tidak Perlu Tindakan,0
BU-0306,PT,I,Penyediaan Akomodasi dan F&B (Restoran & Hotel),Besar,Banten,3100881,595,595,0,100.0,5143000.0,5143000.0,0.0,100.0,Tepat Waktu,0,Stabil Patuh,0.0,0,0.0,0.0,0,0,0,0,0,Patuh,Normal,Tidak Perlu Tindakan,0
BU-0307,PT,Q,Aktivitas Pelayanan Kesehatan & Rumah Sakit Swasta,Menengah,Sumatera Utara,3228949,189,189,0,100.0,4161000.0,4161000.0,0.0,100.0,Tepat Waktu,0,Stabil Patuh,0.0,0,0.0,0.0,0,0,0,0,0,Patuh,Normal,Tidak Perlu Tindakan,0
BU-0308,PT,K,"Jasa Keuangan, Pembiayaan dan Asuransi",Menengah,Banten,3100881,144,144,0,100.0,6376000.0,6376000.0,0.0,100.0,Tepat Waktu,0,Stabil Patuh,0.0,0,0.0,0.0,87861900,3,3,1,0,Patuh,Normal,Tidak Perlu Tindakan,0
BU-0309,CV,F,Konstruksi & Infrastruktur,Kecil,Banten,3100881,51,51,0,100.0,4579000.0,4579000.0,0.0,100.0,Tepat Waktu,0,Stabil Patuh,0.0,0,0.0,0.0,0,0,0,0,0,Patuh,Normal,Tidak Perlu Tindakan,0
BU-0310,PT,G,Perdagangan Besar dan Eceran,Kecil,Jawa Timur,2446880,8,8,0,100.0,3032000.0,3032000.0,0.0,100.0,Tepat Waktu,0,Stabil Patuh,0.33,4,0.0,0.0,1165200,0,3,1,0,Patuh,Normal,Tidak Perlu Tindakan,0
BU-0311,Yayasan,H,"Transportasi, Pergudangan & Logistik",Besar,DKI Jakarta,5729876,600,600,0,100.0,12907000.0,12907000.0,0.0,100.0,Tepat Waktu,0,Stabil Patuh,0.0,0,0.0,0.0,724200000,3,3,1,0,Patuh,Normal,Tidak Perlu Tindakan,0
BU-0312,Koperasi,A,"Pertanian, Perkebunan Kelapa Sawit & Kehutanan",Kecil,Jawa Timur,2446880,33,33,0,100.0,2788000.0,2788000.0,0.0,100.0,Tepat Waktu,0,Stabil Patuh,0.0,0,0.0,0.0,0,0,0,0,0,Patuh,Normal,Tidak Perlu Tindakan,0
BU-0313,Koperasi,F,Konstruksi & Infrastruktur,Mikro,DKI Jakarta,5729876,8,4,4,50.0,8408000.0,7147000.0,1261000.0,85.0,Menunggak,19,Persisten Memburuk,2.46,4,905250.0,1261000.0,54608150,19,19,1,0,PDS Kombinasi,Tinggi,Surat Teguran Tertulis I & Jadwal Audit Wasrik Lapangan,3363200
BU-0314,CV,I,Penyediaan Akomodasi dan F&B (Restoran & Hotel),Menengah,Jawa Timur,2446880,147,147,0,100.0,3102000.0,3102000.0,0.0,100.0,Tepat Waktu,0,Stabil Patuh,0.0,0,0.0,0.0,0,0,0,0,0,Patuh,Normal,Tidak Perlu Tindakan,0
BU-0315,PT,H,"Transportasi, Pergudangan & Logistik",Kecil,Jawa Timur,2446880,28,28,0,100.0,2917000.0,2917000.0,0.0,100.0,Tepat Waktu,0,Stabil Patuh,0.0,0,0.0,0.0,7716800,3,3,1,0,Patuh,Normal,Tidak Perlu Tindakan,0
BU-0316,Koperasi,Q,Aktivitas Pelayanan Kesehatan & Rumah Sakit Swasta,Besar,DKI Jakarta,5729876,632,632,0,100.0,13393000.0,13393000.0,0.0,100.0,Tepat Waktu,0,Stabil Patuh,0.0,0,0.0,0.0,0,0,0,0,0,Patuh,Normal,Tidak Perlu Tindakan,0
BU-0317,Koperasi,A,"Pertanian, Perkebunan Kelapa Sawit & Kehutanan",Menengah,Riau,3780495,180,180,0,100.0,7478000.0,7478000.0,0.0,100.0,Tepat Waktu,0,Stabil Patuh,5.38,65,0.0,0.0,46375500,0,3,1,0,Patuh,Normal,Tidak Perlu Tindakan,0
BU-0318,CV,A,"Pertanian, Perkebunan Kelapa Sawit & Kehutanan",Besar,Jawa Tengah,2327386,411,411,0,100.0,6440000.0,6440000.0,0.0,100.0,Tepat Waktu,0,Stabil Patuh,0.0,0,0.0,0.0,0,0,0,0,0,Patuh,Normal,Tidak Perlu Tindakan,0
BU-0319,PT,N,Jasa Penunjang Usaha (Alih Daya / Outsourcing / Security),Kecil,Banten,3100881,41,41,0,100.0,3852000.0,3852000.0,0.0,100.0,Tepat Waktu,0,Stabil Patuh,0.0,0,0.0,0.0,0,0,0,0,0,Patuh,Normal,Tidak Perlu Tindakan,0
BU-0320,PT,Q,Aktivitas Pelayanan Kesehatan & Rumah Sakit Swasta,Menengah,DKI Jakarta,5729876,189,189,0,100.0,8888000.0,8888000.0,0.0,100.0,Tepat Waktu,0,Stabil Patuh,0.0,0,0.0,0.0,0,0,0,0,0,Patuh,Normal,Tidak Perlu Tindakan,0
BU-0321,PT,C,Industri Pengolahan / Manufaktur,Kecil,DKI Jakarta,5729876,34,34,0,100.0,7870000.0,7870000.0,0.0,100.0,Tepat Waktu,0,Stabil Patuh,0.75,9,0.0,0.0,6659100,0,3,1,0,Patuh,Normal,Tidak Perlu Tindakan,0
BU-0322,CV,C,Industri Pengolahan / Manufaktur,Kecil,Jawa Barat,2317601,52,52,0,100.0,3295000.0,3295000.0,0.0,100.0,Tepat Waktu,0,Stabil Patuh,0.0,0,0.0,0.0,0,0,0,0,0,Patuh,Normal,Tidak Perlu Tindakan,0
BU-0323,CV,H,"Transportasi, Pergudangan & Logistik",Menengah,Jawa Tengah,2327386,169,169,0,100.0,3574000.0,3574000.0,0.0,100.0,Tepat Waktu,0,Stabil Patuh,0.0,0,0.0,0.0,0,0,0,0,0,Patuh,Normal,Tidak Perlu Tindakan,0
BU-0324,CV,H,"Transportasi, Pergudangan & Logistik",Besar,Banten,3100881,817,817,0,100.0,5717000.0,5717000.0,0.0,100.0,Tepat Waktu,0,Stabil Patuh,24.67,296,0.0,0.0,158241600,0,3,1,0,Patuh,Normal,Tidak Perlu Tindakan,0
BU-0325,Koperasi,H,"Transportasi, Pergudangan & Logistik",Mikro,Jawa Tengah,2327386,13,13,0,100.0,3230000.0,3230000.0,0.0,100.0,Tepat Waktu,0,Stabil Patuh,0.0,0,0.0,0.0,0,0,0,0,0,Patuh,Normal,Tidak Perlu Tindakan,0
BU-0326,CV,K,"Jasa Keuangan, Pembiayaan dan Asuransi",Mikro,Jawa Barat,2317601,8,8,0,100.0,2568000.0,2568000.0,0.0,100.0,Tepat Waktu,0,Stabil Patuh,0.25,3,0.0,0.0,739200,0,3,1,0,Patuh,Normal,Tidak Perlu Tindakan,0
BU-0327,CV,J,Informasi dan Komunikasi / Teknologi,Kecil,Banten,3100881,55,55,0,100.0,4510000.0,4510000.0,0.0,100.0,Tepat Waktu,0,Stabil Patuh,1.5,18,0.0,0.0,7632000,0,3,1,0,Patuh,Normal,Tidak Perlu Tindakan,0
BU-0328,Koperasi,I,Penyediaan Akomodasi dan F&B (Restoran & Hotel),Mikro,Sumatera Utara,3228949,6,6,0,100.0,3879000.0,3879000.0,0.0,100.0,Tepat Waktu,0,Stabil Patuh,0.0,0,0.0,0.0,0,0,0,0,0,Patuh,Normal,Tidak Perlu Tindakan,0
BU-0329,CV,I,Penyediaan Akomodasi dan F&B (Restoran & Hotel),Menengah,Jawa Tengah,2327386,114,114,0,100.0,4237000.0,4237000.0,0.0,100.0,Tepat Waktu,0,Stabil Patuh,0.0,0,0.0,0.0,0,0,0,0,0,Patuh,Normal,Tidak Perlu Tindakan,0
BU-0330,PT,A,"Pertanian, Perkebunan Kelapa Sawit & Kehutanan",Menengah,Banten,3100881,173,173,0,100.0,4677000.0,4677000.0,0.0,100.0,Tepat Waktu,0,Stabil Patuh,0.0,0,0.0,0.0,0,0,0,0,0,Patuh,Normal,Tidak Perlu Tindakan,0
BU-0331,CV,K,"Jasa Keuangan, Pembiayaan dan Asuransi",Kecil,Sumatera Utara,3228949,21,21,0,100.0,4548000.0,4548000.0,0.0,100.0,Tepat Waktu,0,Stabil Patuh,0.0,0,45000.0,458000.0,1467800,0,3,1,0,Patuh,Normal,Tidak Perlu Tindakan,0
BU-0332,PT,C,Industri Pengolahan / Manufaktur,Mikro,Jawa Timur,2446880,11,11,0,100.0,3510000.0,3510000.0,0.0,100.0,Tepat Waktu,0,Stabil Patuh,0.0,0,0.0,0.0,0,0,0,0,0,Patuh,Normal,Tidak Perlu Tindakan,0
BU-0333,CV,K,"Jasa Keuangan, Pembiayaan dan Asuransi",Besar,Kalimantan Timur,3762431,610,610,0,100.0,7703000.0,7703000.0,0.0,100.0,Tepat Waktu,0,Stabil Patuh,0.0,0,0.0,0.0,0,0,0,0,0,Patuh,Normal,Tidak Perlu Tindakan,0
BU-0334,PT,H,"Transportasi, Pergudangan & Logistik",Kecil,Banten,3100881,18,18,0,100.0,3259000.0,3259000.0,0.0,100.0,Tepat Waktu,0,Stabil Patuh,0.0,0,0.0,0.0,0,0,0,0,0,Patuh,Normal,Tidak Perlu Tindakan,0
BU-0335,PT,G,Perdagangan Besar dan Eceran,Menengah,Riau,3780495,132,132,0,100.0,5267000.0,5267000.0,0.0,100.0,Tepat Waktu,0,Stabil Patuh,0.0,0,51000.0,519000.0,7894800,0,3,1,0,Patuh,Normal,Tidak Perlu Tindakan,0
BU-0336,PT,G,Perdagangan Besar dan Eceran,Menengah,Jawa Timur,2446880,96,96,0,100.0,3378000.0,3378000.0,0.0,100.0,Tepat Waktu,0,Stabil Patuh,0.0,0,33000.0,336000.0,3824400,0,3,1,0,Patuh,Normal,Tidak Perlu Tindakan,0
BU-0337,CV,C,Industri Pengolahan / Manufaktur,Kecil,Jawa Barat,2317601,12,12,0,100.0,2840000.0,2840000.0,0.0,100.0,Tepat Waktu,0,Stabil Patuh,0.0,0,0.0,0.0,0,0,0,0,0,Patuh,Normal,Tidak Perlu Tindakan,0
BU-0338,Yayasan,F,Konstruksi & Infrastruktur,Mikro,Bali,3207459,5,3,2,60.0,3518000.0,3207459.0,310541.0,91.17,Menunggak,22,Persisten Memburuk,2.83,5,225079.25,310541.0,25522293,22,22,1,0,PDS Kombinasi,Tinggi,Surat Teguran Tertulis I & Jadwal Audit Wasrik Lapangan,879500
BU-0339,PT,G,Perdagangan Besar dan Eceran,Kecil,Jawa Tengah,2327386,29,15,14,51.72,2936000.0,2496000.0,440000.0,85.01,Menunggak,20,Persisten Memburuk,12.62,18,332416.67,440000.0,91107100,20,20,1,0,PDS Kombinasi,Tinggi,Surat Teguran Tertulis I & Jadwal Audit Wasrik Lapangan,4257200
BU-0340,PT,K,"Jasa Keuangan, Pembiayaan dan Asuransi",Mikro,Jawa Timur,2446880,5,3,2,60.0,3165000.0,2690000.0,475000.0,84.99,Menunggak,18,Persisten Memburuk,1.33,2,321708.33,475000.0,9518250,18,18,1,0,PDS Kombinasi,Tinggi,Surat Teguran Tertulis I & Jadwal Audit Wasrik Lapangan,791250
BU-0341,PT,G,Perdagangan Besar dan Eceran,Besar,Jawa Tengah,2327386,406,406,0,100.0,5768000.0,5768000.0,0.0,100.0,Tepat Waktu,0,Stabil Patuh,0.0,0,0.0,0.0,0,0,0,0,0,Patuh,Normal,Tidak Perlu Tindakan,0
BU-0342,Yayasan,K,"Jasa Keuangan, Pembiayaan dan Asuransi",Kecil,Bali,3207459,17,9,8,52.94,4625000.0,3931000.0,694000.0,84.99,Menunggak,18,Persisten Memburuk,6.0,10,468833.33,694000.0,68778500,18,18,1,0,PDS Kombinasi,Tinggi,Surat Teguran Tertulis I & Jadwal Audit Wasrik Lapangan,3931250
BU-0343,PT,Q,Aktivitas Pelayanan Kesehatan & Rumah Sakit Swasta,Kecil,Riau,3780495,10,10,0,100.0,5541000.0,5541000.0,0.0,100.0,Tepat Waktu,0,Stabil Patuh,0.0,0,0.0,0.0,4445500,3,3,1,0,Patuh,Normal,Tidak Perlu Tindakan,0
BU-0344,Yayasan,G,Perdagangan Besar dan Eceran,Menengah,Sumatera Utara,3228949,129,129,0,100.0,5034000.0,5034000.0,0.0,100.0,Tepat Waktu,0,Stabil Patuh,0.0,0,0.0,0.0,0,0,0,0,0,Patuh,Normal,Tidak Perlu Tindakan,0
BU-0345,CV,F,Konstruksi & Infrastruktur,Mikro,Jawa Barat,2317601,16,16,0,100.0,3386000.0,3386000.0,0.0,100.0,Tepat Waktu,0,Stabil Patuh,0.0,0,0.0,0.0,0,0,0,0,0,Patuh,Normal,Tidak Perlu Tindakan,0
BU-0346,Koperasi,C,Industri Pengolahan / Manufaktur,Menengah,Jawa Tengah,2327386,153,153,0,100.0,4881000.0,4881000.0,0.0,100.0,Tepat Waktu,0,Stabil Patuh,0.0,0,0.0,0.0,0,0,0,0,0,Patuh,Normal,Tidak Perlu Tindakan,0
BU-0347,CV,H,"Transportasi, Pergudangan & Logistik",Kecil,DKI Jakarta,5729876,47,47,0,100.0,8600000.0,8600000.0,0.0,100.0,Tepat Waktu,0,Stabil Patuh,0.0,0,0.0,0.0,0,0,0,0,0,Patuh,Normal,Tidak Perlu Tindakan,0
BU-0348,PT,H,"Transportasi, Pergudangan & Logistik",Menengah,Sumatera Utara,3228949,204,204,0,100.0,6227000.0,6227000.0,0.0,100.0,Tepat Waktu,0,Stabil Patuh,0.0,0,0.0,0.0,0,0,0,0,0,Patuh,Normal,Tidak Perlu Tindakan,0
BU-0349,Yayasan,H,"Transportasi, Pergudangan & Logistik",Kecil,Kalimantan Timur,3762431,12,12,0,100.0,5474000.0,5474000.0,0.0,100.0,Tepat Waktu,0,Stabil Patuh,0.46,5,0.0,0.0,2850650,0,3,1,0,Patuh,Normal,Tidak Perlu Tindakan,0
BU-0350,Koperasi,Q,Aktivitas Pelayanan Kesehatan & Rumah Sakit Swasta,Mikro,DKI Jakarta,5729876,5,5,0,100.0,8026000.0,8026000.0,0.0,100.0,Tepat Waktu,0,Stabil Patuh,0.0,0,0.0,0.0,3066800,3,3,1,0,Patuh,Normal,Tidak Perlu Tindakan,0
BU-0351,CV,N,Jasa Penunjang Usaha (Alih Daya / Outsourcing / Security),Besar,Riau,3780495,605,605,0,100.0,10003000.0,10003000.0,0.0,100.0,Tepat Waktu,0,Stabil Patuh,18.25,219,0.0,0.0,209101200,0,3,1,0,Patuh,Normal,Tidak Perlu Tindakan,0
BU-0352,PT,H,"Transportasi, Pergudangan & Logistik",Kecil,Sumatera Utara,3228949,11,5,6,45.45,4046000.0,4046000.0,0.0,100.0,Tepat Waktu,5,Persisten Memburuk,1.83,6,0.0,0.0,8762600,0,5,1,1,PDS Tenaga Kerja,Tinggi,Surat Teguran Tertulis I & Jadwal Audit Wasrik Lapangan,1213800
BU-0353,Koperasi,C,Industri Pengolahan / Manufaktur,Kecil,Sumatera Utara,3228949,30,30,0,100.0,4209000.0,4209000.0,0.0,100.0,Tepat Waktu,0,Stabil Patuh,0.0,0,0.0,0.0,0,0,0,0,0,Patuh,Normal,Tidak Perlu Tindakan,0
BU-0354,PT,N,Jasa Penunjang Usaha (Alih Daya / Outsourcing / Security),Besar,Jawa Timur,2446880,852,852,0,100.0,7111000.0,7111000.0,0.0,100.0,Tepat Waktu,0,Stabil Patuh,0.0,0,0.0,0.0,570612900,3,3,1,0,Patuh,Normal,Tidak Perlu Tindakan,0
BU-0355,Koperasi,G,Perdagangan Besar dan Eceran,Kecil,Sumatera Utara,3228949,25,25,0,100.0,4298000.0,4298000.0,0.0,100.0,Tepat Waktu,0,Stabil Patuh,0.0,0,0.0,0.0,0,0,0,0,0,Patuh,Normal,Tidak Perlu Tindakan,0
BU-0356,Yayasan,N,Jasa Penunjang Usaha (Alih Daya / Outsourcing / Security),Mikro,Jawa Tengah,2327386,7,7,0,100.0,2473000.0,2473000.0,0.0,100.0,Tepat Waktu,0,Stabil Patuh,0.0,0,0.0,0.0,0,0,0,0,0,Patuh,Normal,Tidak Perlu Tindakan,0
BU-0357,CV,K,"Jasa Keuangan, Pembiayaan dan Asuransi",Kecil,Jawa Barat,2317601,11,11,0,100.0,3036000.0,3036000.0,0.0,100.0,Tepat Waktu,0,Stabil Patuh,0.0,0,0.0,0.0,0,0,0,0,0,Patuh,Normal,Tidak Perlu Tindakan,0
BU-0358,Yayasan,J,Informasi dan Komunikasi / Teknologi,Mikro,Jawa Barat,2317601,7,7,0,100.0,3010000.0,3010000.0,0.0,100.0,Tepat Waktu,0,Stabil Patuh,0.0,0,0.0,0.0,0,0,0,0,0,Patuh,Normal,Tidak Perlu Tindakan,0
BU-0359,PT,H,"Transportasi, Pergudangan & Logistik",Kecil,Bali,3207459,16,16,0,100.0,4004000.0,4004000.0,0.0,100.0,Tepat Waktu,0,Stabil Patuh,0.0,0,0.0,0.0,0,0,0,0,0,Patuh,Normal,Tidak Perlu Tindakan,0
BU-0360,PT,N,Jasa Penunjang Usaha (Alih Daya / Outsourcing / Security),Besar,Jawa Tengah,2327386,490,490,0,100.0,5727000.0,5727000.0,0.0,100.0,Tepat Waktu,0,Stabil Patuh,0.0,0,0.0,0.0,0,0,0,0,0,Patuh,Normal,Tidak Perlu Tindakan,0
BU-0361,Yayasan,H,"Transportasi, Pergudangan & Logistik",Kecil,Sumatera Utara,3228949,47,47,0,100.0,4108000.0,4108000.0,0.0,100.0,Tepat Waktu,0,Stabil Patuh,0.0,0,0.0,0.0,0,0,0,0,0,Patuh,Normal,Tidak Perlu Tindakan,0
BU-0362,PT,F,Konstruksi & Infrastruktur,Kecil,Riau,3780495,13,7,6,53.85,5238000.0,4452000.0,786000.0,84.99,Menunggak,19,Persisten Memburuk,4.21,6,562125.0,786000.0,52955500,19,19,1,0,PDS Kombinasi,Tinggi,Surat Teguran Tertulis I & Jadwal Audit Wasrik Lapangan,3404700
BU-0363,PT,I,Penyediaan Akomodasi dan F&B (Restoran & Hotel),Besar,Jawa Timur,2446880,403,403,0,100.0,6360000.0,6360000.0,0.0,100.0,Tepat Waktu,0,Stabil Patuh,0.0,0,0.0,0.0,0,0,0,0,0,Patuh,Normal,Tidak Perlu Tindakan,0
BU-0364,Koperasi,A,"Pertanian, Perkebunan Kelapa Sawit & Kehutanan",Menengah,Jawa Barat,2317601,151,75,76,49.67,3390000.0,2882000.0,508000.0,85.01,Menunggak,22,Persisten Memburuk,63.71,76,423291.67,508000.0,524877800,22,22,1,0,PDS Kombinasi,Tinggi,Surat Teguran Tertulis I & Jadwal Audit Wasrik Lapangan,25594500
BU-0365,CV,H,"Transportasi, Pergudangan & Logistik",Kecil,Jawa Timur,2446880,23,23,0,100.0,2794000.0,2794000.0,0.0,100.0,Tepat Waktu,0,Stabil Patuh,0.0,0,0.0,0.0,0,0,0,0,0,Patuh,Normal,Tidak Perlu Tindakan,0
BU-0366,PT,K,"Jasa Keuangan, Pembiayaan dan Asuransi",Kecil,DKI Jakarta,5729876,45,45,0,100.0,6605000.0,6605000.0,0.0,100.0,Tepat Waktu,0,Stabil Patuh,0.0,0,0.0,0.0,0,0,0,0,0,Patuh,Normal,Tidak Perlu Tindakan,0
BU-0367,PT,J,Informasi dan Komunikasi / Teknologi,Mikro,Sumatera Utara,3228949,10,10,0,100.0,3792000.0,3792000.0,0.0,100.0,Tepat Waktu,0,Stabil Patuh,0.0,0,0.0,0.0,0,0,0,0,0,Patuh,Normal,Tidak Perlu Tindakan,0
BU-0368,PT,G,Perdagangan Besar dan Eceran,Besar,Sulawesi Selatan,3921088,812,812,0,100.0,5728000.0,5728000.0,0.0,100.0,Tepat Waktu,0,Stabil Patuh,0.0,0,0.0,0.0,439585650,3,3,1,0,Patuh,Normal,Tidak Perlu Tindakan,0
BU-0369,CV,K,"Jasa Keuangan, Pembiayaan dan Asuransi",Kecil,Bali,3207459,29,29,0,100.0,4241000.0,4241000.0,0.0,100.0,Tepat Waktu,0,Stabil Patuh,0.0,0,0.0,0.0,0,0,0,0,0,Patuh,Normal,Tidak Perlu Tindakan,0
BU-0370,PT,J,Informasi dan Komunikasi / Teknologi,Kecil,Jawa Tengah,2327386,32,32,0,100.0,3169000.0,3169000.0,0.0,100.0,Tepat Waktu,0,Stabil Patuh,0.0,0,31125.0,317000.0,956400,0,3,1,0,Patuh,Normal,Tidak Perlu Tindakan,0
BU-0371,PT,C,Industri Pengolahan / Manufaktur,Kecil,Sumatera Utara,3228949,39,39,0,100.0,3763000.0,3763000.0,0.0,100.0,Tepat Waktu,0,Stabil Patuh,0.0,0,0.0,0.0,0,0,0,0,0,Patuh,Normal,Tidak Perlu Tindakan,0
BU-0372,CV,F,Konstruksi & Infrastruktur,Menengah,Jawa Timur,2446880,124,124,0,100.0,3062000.0,3062000.0,0.0,100.0,Tepat Waktu,0,Stabil Patuh,3.67,44,0.0,0.0,12632400,0,3,1,0,Patuh,Normal,Tidak Perlu Tindakan,0
BU-0373,PT,N,Jasa Penunjang Usaha (Alih Daya / Outsourcing / Security),Kecil,DKI Jakarta,5729876,23,23,0,100.0,6488000.0,6488000.0,0.0,100.0,Tepat Waktu,0,Stabil Patuh,0.0,0,0.0,0.0,8625400,3,3,1,0,Patuh,Normal,Tidak Perlu Tindakan,0
BU-0374,Koperasi,N,Jasa Penunjang Usaha (Alih Daya / Outsourcing / Security),Besar,DKI Jakarta,5729876,313,313,0,100.0,9599000.0,9599000.0,0.0,100.0,Tepat Waktu,0,Stabil Patuh,0.0,0,0.0,0.0,282931200,3,3,1,0,Patuh,Normal,Tidak Perlu Tindakan,0
BU-0375,Yayasan,Q,Aktivitas Pelayanan Kesehatan & Rumah Sakit Swasta,Menengah,Riau,3780495,58,58,0,100.0,4857000.0,4857000.0,0.0,100.0,Tepat Waktu,0,Stabil Patuh,0.0,0,0.0,0.0,31354800,3,3,1,0,Patuh,Normal,Tidak Perlu Tindakan,0
BU-0376,CV,J,Informasi dan Komunikasi / Teknologi,Kecil,Jawa Timur,2446880,37,37,0,100.0,2940000.0,2940000.0,0.0,100.0,Tepat Waktu,0,Stabil Patuh,0.0,0,0.0,0.0,0,0,0,0,0,Patuh,Normal,Tidak Perlu Tindakan,0
BU-0377,PT,K,"Jasa Keuangan, Pembiayaan dan Asuransi",Menengah,Jawa Barat,2317601,182,182,0,100.0,3025000.0,3025000.0,0.0,100.0,Tepat Waktu,0,Stabil Patuh,0.0,0,0.0,0.0,0,0,0,0,0,Patuh,Normal,Tidak Perlu Tindakan,0
BU-0378,Koperasi,J,Informasi dan Komunikasi / Teknologi,Kecil,Banten,3100881,42,42,0,100.0,3507000.0,3507000.0,0.0,100.0,Tepat Waktu,0,Stabil Patuh,0.0,0,0.0,0.0,0,0,0,0,0,Patuh,Normal,Tidak Perlu Tindakan,0
BU-0379,PT,H,"Transportasi, Pergudangan & Logistik",Menengah,Jawa Tengah,2327386,96,96,0,100.0,3154000.0,3154000.0,0.0,100.0,Tepat Waktu,0,Stabil Patuh,0.0,0,0.0,0.0,0,0,0,0,0,Patuh,Normal,Tidak Perlu Tindakan,0
BU-0380,PT,H,"Transportasi, Pergudangan & Logistik",Menengah,Banten,3100881,87,87,0,100.0,4220000.0,4220000.0,0.0,100.0,Tepat Waktu,0,Stabil Patuh,0.0,0,0.0,0.0,0,0,0,0,0,Patuh,Normal,Tidak Perlu Tindakan,0
BU-0381,Koperasi,K,"Jasa Keuangan, Pembiayaan dan Asuransi",Menengah,Sumatera Utara,3228949,177,177,0,100.0,6053000.0,6053000.0,0.0,100.0,Tepat Waktu,0,Stabil Patuh,0.0,0,0.0,0.0,0,0,0,0,0,Patuh,Normal,Tidak Perlu Tindakan,0
BU-0382,CV,K,"Jasa Keuangan, Pembiayaan dan Asuransi",Besar,Jawa Timur,2446880,333,333,0,100.0,5921000.0,5921000.0,0.0,100.0,Tepat Waktu,0,Stabil Patuh,0.0,0,0.0,0.0,0,0,0,0,0,Patuh,Normal,Tidak Perlu Tindakan,0
BU-0383,CV,Q,Aktivitas Pelayanan Kesehatan & Rumah Sakit Swasta,Menengah,Sumatera Utara,3228949,122,122,0,100.0,6150000.0,6150000.0,0.0,100.0,Tepat Waktu,0,Stabil Patuh,3.83,46,0.0,0.0,26864000,0,3,1,0,Patuh,Normal,Tidak Perlu Tindakan,0
BU-0384,Koperasi,N,Jasa Penunjang Usaha (Alih Daya / Outsourcing / Security),Menengah,Riau,3780495,125,125,0,100.0,7871000.0,7871000.0,0.0,100.0,Tepat Waktu,0,Stabil Patuh,0.0,0,75958.33,773000.0,11266650,0,3,1,0,Patuh,Normal,Tidak Perlu Tindakan,0
BU-0385,CV,I,Penyediaan Akomodasi dan F&B (Restoran & Hotel),Menengah,Jawa Tengah,2327386,88,88,0,100.0,4281000.0,4281000.0,0.0,100.0,Tepat Waktu,0,Stabil Patuh,0.0,0,42333.33,431000.0,4508900,0,3,1,0,Patuh,Normal,Tidak Perlu Tindakan,0
BU-0386,Yayasan,I,Penyediaan Akomodasi dan F&B (Restoran & Hotel),Besar,Jawa Tengah,2327386,274,274,0,100.0,6468000.0,6468000.0,0.0,100.0,Tepat Waktu,0,Stabil Patuh,0.0,0,0.0,0.0,0,0,0,0,0,Patuh,Normal,Tidak Perlu Tindakan,0
BU-0387,CV,C,Industri Pengolahan / Manufaktur,Menengah,Riau,3780495,187,187,0,100.0,6382000.0,6382000.0,0.0,100.0,Tepat Waktu,0,Stabil Patuh,0.0,0,0.0,0.0,0,0,0,0,0,Patuh,Normal,Tidak Perlu Tindakan,0
BU-0388,PT,A,"Pertanian, Perkebunan Kelapa Sawit & Kehutanan",Menengah,DKI Jakarta,5729876,180,180,0,100.0,7058000.0,7058000.0,0.0,100.0,Tepat Waktu,0,Stabil Patuh,0.0,0,0.0,0.0,0,0,0,0,0,Patuh,Normal,Tidak Perlu Tindakan,0
BU-0389,CV,G,Perdagangan Besar dan Eceran,Menengah,DKI Jakarta,5729876,174,174,0,100.0,12447000.0,12447000.0,0.0,100.0,Tepat Waktu,0,Stabil Patuh,0.0,0,0.0,0.0,205370100,3,3,1,0,Patuh,Normal,Tidak Perlu Tindakan,0
BU-0390,PT,H,"Transportasi, Pergudangan & Logistik",Kecil,Banten,3100881,47,47,0,100.0,4624000.0,4624000.0,0.0,100.0,Tepat Waktu,0,Stabil Patuh,0.0,0,0.0,0.0,0,0,0,0,0,Patuh,Normal,Tidak Perlu Tindakan,0
BU-0391,PT,H,"Transportasi, Pergudangan & Logistik",Menengah,Jawa Timur,2446880,115,57,58,49.57,4342000.0,4342000.0,0.0,100.0,Tepat Waktu,5,Persisten Memburuk,15.12,58,0.0,0.0,78038700,0,5,1,1,PDS Tenaga Kerja,Tinggi,Surat Teguran Tertulis I & Jadwal Audit Wasrik Lapangan,12591800
BU-0392,CV,F,Konstruksi & Infrastruktur,Kecil,Jawa Barat,2317601,16,16,0,100.0,3027000.0,3027000.0,0.0,100.0,Tepat Waktu,0,Stabil Patuh,0.58,7,0.0,0.0,1999200,0,3,1,0,Patuh,Normal,Tidak Perlu Tindakan,0
BU-0393,PT,A,"Pertanian, Perkebunan Kelapa Sawit & Kehutanan",Menengah,Sumatera Utara,3228949,105,105,0,100.0,4119000.0,4119000.0,0.0,100.0,Tepat Waktu,0,Stabil Patuh,0.0,0,0.0,0.0,0,0,0,0,0,Patuh,Normal,Tidak Perlu Tindakan,0
BU-0394,Yayasan,K,"Jasa Keuangan, Pembiayaan dan Asuransi",Kecil,Jawa Timur,2446880,32,16,16,50.0,3487000.0,3487000.0,0.0,100.0,Tepat Waktu,5,Persisten Memburuk,4.33,16,0.0,0.0,17941300,0,5,1,1,PDS Tenaga Kerja,Tinggi,Surat Teguran Tertulis I & Jadwal Audit Wasrik Lapangan,2789600
BU-0395,Yayasan,G,Perdagangan Besar dan Eceran,Mikro,Jawa Timur,2446880,10,5,5,50.0,2636000.0,2446880.0,189120.0,92.83,Menunggak,19,Persisten Memburuk,2.67,5,108303.33,189120.0,16849936,19,19,1,0,PDS Kombinasi,Tinggi,Surat Teguran Tertulis I & Jadwal Audit Wasrik Lapangan,1318000
BU-0396,PT,C,Industri Pengolahan / Manufaktur,Mikro,Sulawesi Selatan,3921088,6,6,0,100.0,5919000.0,5919000.0,0.0,100.0,Tepat Waktu,0,Stabil Patuh,0.0,0,57875.0,589000.0,277800,0,3,1,0,Patuh,Normal,Tidak Perlu Tindakan,0
BU-0397,Koperasi,Q,Aktivitas Pelayanan Kesehatan & Rumah Sakit Swasta,Mikro,Jawa Barat,2317601,14,14,0,100.0,3389000.0,3389000.0,0.0,100.0,Tepat Waktu,0,Stabil Patuh,0.0,0,32833.33,334000.0,236400,0,3,1,0,Patuh,Normal,Tidak Perlu Tindakan,0
BU-0398,PT,A,"Pertanian, Perkebunan Kelapa Sawit & Kehutanan",Menengah,Jawa Timur,2446880,166,166,0,100.0,4460000.0,4460000.0,0.0,100.0,Tepat Waktu,0,Stabil Patuh,0.0,0,0.0,0.0,0,0,0,0,0,Patuh,Normal,Tidak Perlu Tindakan,0
BU-0399,CV,N,Jasa Penunjang Usaha (Alih Daya / Outsourcing / Security),Besar,DKI Jakarta,5729876,352,352,0,100.0,13358000.0,13358000.0,0.0,100.0,Tepat Waktu,0,Stabil Patuh,0.0,0,0.0,0.0,428400000,3,3,1,0,Patuh,Normal,Tidak Perlu Tindakan,0
BU-0400,PT,F,Konstruksi & Infrastruktur,Mikro,Sulawesi Selatan,3921088,18,18,0,100.0,5100000.0,5100000.0,0.0,100.0,Tepat Waktu,0,Stabil Patuh,0.0,0,50250.0,512000.0,568300,0,3,1,0,Patuh,Normal,Tidak Perlu Tindakan,0
BU-0401,CV,A,"Pertanian, Perkebunan Kelapa Sawit & Kehutanan",Mikro,Jawa Tengah,2327386,9,9,0,100.0,2881000.0,2881000.0,0.0,100.0,Tepat Waktu,0,Stabil Patuh,0.0,0,0.0,0.0,0,0,0,0,0,Patuh,Normal,Tidak Perlu Tindakan,0
BU-0402,Koperasi,N,Jasa Penunjang Usaha (Alih Daya / Outsourcing / Security),Menengah,Jawa Barat,2317601,193,193,0,100.0,3712000.0,3712000.0,0.0,100.0,Tepat Waktu,0,Stabil Patuh,0.0,0,0.0,0.0,0,0,0,0,0,Patuh,Normal,Tidak Perlu Tindakan,0
BU-0403,PT,A,"Pertanian, Perkebunan Kelapa Sawit & Kehutanan",Kecil,Jawa Tengah,2327386,30,30,0,100.0,2884000.0,2884000.0,0.0,100.0,Tepat Waktu,0,Stabil Patuh,0.0,0,0.0,0.0,0,0,0,0,0,Patuh,Normal,Tidak Perlu Tindakan,0
BU-0404,PT,K,"Jasa Keuangan, Pembiayaan dan Asuransi",Kecil,Bali,3207459,38,38,0,100.0,4583000.0,4583000.0,0.0,100.0,Tepat Waktu,0,Stabil Patuh,0.0,0,0.0,0.0,0,0,0,0,0,Patuh,Normal,Tidak Perlu Tindakan,0
BU-0405,CV,A,"Pertanian, Perkebunan Kelapa Sawit & Kehutanan",Menengah,DKI Jakarta,5729876,131,131,0,100.0,10210000.0,10210000.0,0.0,100.0,Tepat Waktu,0,Stabil Patuh,0.0,0,100375.0,1022000.0,16063650,0,3,1,0,Patuh,Normal,Tidak Perlu Tindakan,0
BU-0406,PT,G,Perdagangan Besar dan Eceran,Menengah,Jawa Barat,2317601,153,153,0,100.0,4600000.0,4600000.0,0.0,100.0,Tepat Waktu,0,Stabil Patuh,0.0,0,0.0,0.0,0,0,0,0,0,Patuh,Normal,Tidak Perlu Tindakan,0
BU-0407,Koperasi,C,Industri Pengolahan / Manufaktur,Besar,Jawa Timur,2446880,687,687,0,100.0,6995000.0,6995000.0,0.0,100.0,Tepat Waktu,0,Stabil Patuh,0.0,0,0.0,0.0,0,0,0,0,0,Patuh,Normal,Tidak Perlu Tindakan,0
BU-0408,PT,K,"Jasa Keuangan, Pembiayaan dan Asuransi",Besar,DKI Jakarta,5729876,826,826,0,100.0,13828000.0,13828000.0,0.0,100.0,Tepat Waktu,0,Stabil Patuh,0.0,0,0.0,0.0,0,0,0,0,0,Patuh,Normal,Tidak Perlu Tindakan,0
BU-0409,PT,A,"Pertanian, Perkebunan Kelapa Sawit & Kehutanan",Kecil,Banten,3100881,41,41,0,100.0,3975000.0,3975000.0,0.0,100.0,Tepat Waktu,0,Stabil Patuh,1.25,15,0.0,0.0,5719500,0,3,1,0,Patuh,Normal,Tidak Perlu Tindakan,0
BU-0410,PT,C,Industri Pengolahan / Manufaktur,Kecil,Jawa Barat,2317601,35,17,18,48.57,2833000.0,2833000.0,0.0,100.0,Tepat Waktu,5,Persisten Memburuk,4.62,18,0.0,0.0,15532050,0,5,1,1,PDS Tenaga Kerja,Tinggi,Surat Teguran Tertulis I & Jadwal Audit Wasrik Lapangan,2549700
BU-0411,PT,A,"Pertanian, Perkebunan Kelapa Sawit & Kehutanan",Kecil,Kalimantan Timur,3762431,36,36,0,100.0,4574000.0,4574000.0,0.0,100.0,Tepat Waktu,0,Stabil Patuh,0.0,0,0.0,0.0,0,0,0,0,0,Patuh,Normal,Tidak Perlu Tindakan,0
BU-0412,PT,K,"Jasa Keuangan, Pembiayaan dan Asuransi",Kecil,DKI Jakarta,5729876,42,42,0,100.0,7328000.0,7328000.0,0.0,100.0,Tepat Waktu,0,Stabil Patuh,1.25,15,0.0,0.0,10552500,0,3,1,0,Patuh,Normal,Tidak Perlu Tindakan,0
BU-0413,PT,A,"Pertanian, Perkebunan Kelapa Sawit & Kehutanan",Besar,Riau,3780495,455,455,0,100.0,9305000.0,9305000.0,0.0,100.0,Tepat Waktu,0,Stabil Patuh,0.0,0,0.0,0.0,0,0,0,0,0,Patuh,Normal,Tidak Perlu Tindakan,0
BU-0414,Yayasan,Q,Aktivitas Pelayanan Kesehatan & Rumah Sakit Swasta,Menengah,DKI Jakarta,5729876,58,58,0,100.0,9847000.0,9847000.0,0.0,100.0,Tepat Waktu,0,Stabil Patuh,0.0,0,0.0,0.0,51592800,3,3,1,0,Patuh,Normal,Tidak Perlu Tindakan,0
BU-0415,CV,H,"Transportasi, Pergudangan & Logistik",Menengah,Sumatera Utara,3228949,191,191,0,100.0,3939000.0,3939000.0,0.0,100.0,Tepat Waktu,0,Stabil Patuh,0.0,0,0.0,0.0,71117000,3,3,1,0,Patuh,Normal,Tidak Perlu Tindakan,0
BU-0416,PT,A,"Pertanian, Perkebunan Kelapa Sawit & Kehutanan",Mikro,Jawa Timur,2446880,7,7,0,100.0,2862000.0,2862000.0,0.0,100.0,Tepat Waktu,0,Stabil Patuh,0.0,0,0.0,0.0,0,0,0,0,0,Patuh,Normal,Tidak Perlu Tindakan,0
BU-0417,PT,N,Jasa Penunjang Usaha (Alih Daya / Outsourcing / Security),Menengah,Sulawesi Selatan,3921088,105,105,0,100.0,5715000.0,5715000.0,0.0,100.0,Tepat Waktu,0,Stabil Patuh,3.08,37,0.0,0.0,19843100,0,3,1,0,Patuh,Normal,Tidak Perlu Tindakan,0
BU-0418,CV,Q,Aktivitas Pelayanan Kesehatan & Rumah Sakit Swasta,Mikro,Banten,3100881,4,4,0,100.0,4537000.0,4537000.0,0.0,100.0,Tepat Waktu,0,Stabil Patuh,0.0,0,0.0,0.0,0,0,0,0,0,Patuh,Normal,Tidak Perlu Tindakan,0
BU-0419,PT,A,"Pertanian, Perkebunan Kelapa Sawit & Kehutanan",Kecil,Jawa Tengah,2327386,57,57,0,100.0,2622000.0,2622000.0,0.0,100.0,Tepat Waktu,0,Stabil Patuh,0.0,0,0.0,0.0,0,0,0,0,0,Patuh,Normal,Tidak Perlu Tindakan,0
BU-0420,CV,G,Perdagangan Besar dan Eceran,Menengah,Banten,3100881,166,166,0,100.0,4781000.0,4781000.0,0.0,100.0,Tepat Waktu,0,Stabil Patuh,0.0,0,0.0,0.0,0,0,0,0,0,Patuh,Normal,Tidak Perlu Tindakan,0
BU-0421,PT,H,"Transportasi, Pergudangan & Logistik",Kecil,Jawa Barat,2317601,24,24,0,100.0,3012000.0,3012000.0,0.0,100.0,Tepat Waktu,0,Stabil Patuh,0.0,0,29750.0,303000.0,741050,0,3,1,0,Patuh,Normal,Tidak Perlu Tindakan,0
BU-0422,PT,J,Informasi dan Komunikasi / Teknologi,Mikro,Banten,3100881,4,4,0,100.0,4567000.0,4567000.0,0.0,100.0,Tepat Waktu,0,Stabil Patuh,0.0,0,0.0,0.0,0,0,0,0,0,Patuh,Normal,Tidak Perlu Tindakan,0
BU-0423,Koperasi,N,Jasa Penunjang Usaha (Alih Daya / Outsourcing / Security),Menengah,Jawa Barat,2317601,117,117,0,100.0,4153000.0,4153000.0,0.0,100.0,Tepat Waktu,0,Stabil Patuh,0.0,0,0.0,0.0,0,0,0,0,0,Patuh,Normal,Tidak Perlu Tindakan,0
BU-0424,PT,C,Industri Pengolahan / Manufaktur,Menengah,Jawa Barat,2317601,86,86,0,100.0,5067000.0,5067000.0,0.0,100.0,Tepat Waktu,0,Stabil Patuh,0.0,0,50083.33,510000.0,5148550,0,3,1,0,Patuh,Normal,Tidak Perlu Tindakan,0
BU-0425,CV,I,Penyediaan Akomodasi dan F&B (Restoran & Hotel),Kecil,Sumatera Utara,3228949,35,35,0,100.0,3599000.0,3599000.0,0.0,100.0,Tepat Waktu,0,Stabil Patuh,0.0,0,0.0,0.0,0,0,0,0,0,Patuh,Normal,Tidak Perlu Tindakan,0
BU-0426,CV,F,Konstruksi & Infrastruktur,Besar,DKI Jakarta,5729876,566,566,0,100.0,10973000.0,10973000.0,0.0,100.0,Tepat Waktu,0,Stabil Patuh,0.0,0,0.0,0.0,0,0,0,0,0,Patuh,Normal,Tidak Perlu Tindakan,0
BU-0427,PT,K,"Jasa Keuangan, Pembiayaan dan Asuransi",Menengah,DKI Jakarta,5729876,184,184,0,100.0,7976000.0,7976000.0,0.0,100.0,Tepat Waktu,0,Stabil Patuh,0.0,0,0.0,0.0,0,0,0,0,0,Patuh,Normal,Tidak Perlu Tindakan,0
BU-0428,PT,K,"Jasa Keuangan, Pembiayaan dan Asuransi",Mikro,Jawa Tengah,2327386,3,3,0,100.0,3196000.0,3196000.0,0.0,100.0,Tepat Waktu,0,Stabil Patuh,0.17,2,0.0,0.0,599600,0,3,1,0,Patuh,Normal,Tidak Perlu Tindakan,0
BU-0429,PT,H,"Transportasi, Pergudangan & Logistik",Mikro,Jawa Barat,2317601,13,13,0,100.0,2727000.0,2727000.0,0.0,100.0,Tepat Waktu,0,Stabil Patuh,0.0,0,0.0,0.0,0,0,0,0,0,Patuh,Normal,Tidak Perlu Tindakan,0
BU-0430,Yayasan,H,"Transportasi, Pergudangan & Logistik",Mikro,Jawa Barat,2317601,4,4,0,100.0,2934000.0,2934000.0,0.0,100.0,Tepat Waktu,0,Stabil Patuh,0.0,0,0.0,0.0,0,0,0,0,0,Patuh,Normal,Tidak Perlu Tindakan,0
BU-0431,PT,F,Konstruksi & Infrastruktur,Menengah,Jawa Barat,2317601,78,78,0,100.0,3007000.0,3007000.0,0.0,100.0,Tepat Waktu,0,Stabil Patuh,0.0,0,0.0,0.0,0,0,0,0,0,Patuh,Normal,Tidak Perlu Tindakan,0
BU-0432,PT,G,Perdagangan Besar dan Eceran,Kecil,Jawa Tengah,2327386,36,36,0,100.0,2712000.0,2712000.0,0.0,100.0,Tepat Waktu,0,Stabil Patuh,0.0,0,0.0,0.0,8859600,3,3,1,0,Patuh,Normal,Tidak Perlu Tindakan,0
BU-0433,PT,G,Perdagangan Besar dan Eceran,Menengah,DKI Jakarta,5729876,132,132,0,100.0,12033000.0,12033000.0,0.0,100.0,Tepat Waktu,0,Stabil Patuh,0.0,0,0.0,0.0,0,0,0,0,0,Patuh,Normal,Tidak Perlu Tindakan,0
BU-0434,PT,A,"Pertanian, Perkebunan Kelapa Sawit & Kehutanan",Besar,Jawa Tengah,2327386,671,671,0,100.0,5523000.0,5523000.0,0.0,100.0,Tepat Waktu,0,Stabil Patuh,0.0,0,0.0,0.0,0,0,0,0,0,Patuh,Normal,Tidak Perlu Tindakan,0
BU-0435,CV,F,Konstruksi & Infrastruktur,Menengah,DKI Jakarta,5729876,148,148,0,100.0,8461000.0,8461000.0,0.0,100.0,Tepat Waktu,0,Stabil Patuh,4.75,57,0.0,0.0,45622800,0,3,1,0,Patuh,Normal,Tidak Perlu Tindakan,0
BU-0436,PT,A,"Pertanian, Perkebunan Kelapa Sawit & Kehutanan",Menengah,Riau,3780495,133,133,0,100.0,4615000.0,4615000.0,0.0,100.0,Tepat Waktu,0,Stabil Patuh,0.0,0,45166.67,460000.0,6788150,0,3,1,0,Patuh,Normal,Tidak Perlu Tindakan,0
BU-0437,CV,J,Informasi dan Komunikasi / Teknologi,Mikro,Jawa Barat,2317601,3,3,0,100.0,2616000.0,2616000.0,0.0,100.0,Tepat Waktu,0,Stabil Patuh,0.0,0,0.0,0.0,746400,3,3,1,0,Patuh,Normal,Tidak Perlu Tindakan,0
BU-0438,Yayasan,J,Informasi dan Komunikasi / Teknologi,Menengah,Kalimantan Timur,3762431,128,128,0,100.0,5563000.0,5563000.0,0.0,100.0,Tepat Waktu,0,Stabil Patuh,3.62,44,0.0,0.0,23246400,0,3,1,0,Patuh,Normal,Tidak Perlu Tindakan,0
BU-0439,Yayasan,F,Konstruksi & Infrastruktur,Kecil,Banten,3100881,39,39,0,100.0,3663000.0,3663000.0,0.0,100.0,Tepat Waktu,0,Stabil Patuh,1.17,14,0.0,0.0,4873400,0,3,1,0,Patuh,Normal,Tidak Perlu Tindakan,0
BU-0440,PT,A,"Pertanian, Perkebunan Kelapa Sawit & Kehutanan",Mikro,Jawa Tengah,2327386,8,8,0,100.0,2754000.0,2754000.0,0.0,100.0,Tepat Waktu,0,Stabil Patuh,0.0,0,0.0,0.0,0,0,0,0,0,Patuh,Normal,Tidak Perlu Tindakan,0
BU-0441,PT,Q,Aktivitas Pelayanan Kesehatan & Rumah Sakit Swasta,Besar,Jawa Barat,2317601,524,524,0,100.0,6118000.0,6118000.0,0.0,100.0,Tepat Waktu,0,Stabil Patuh,0.0,0,0.0,0.0,0,0,0,0,0,Patuh,Normal,Tidak Perlu Tindakan,0
BU-0442,PT,G,Perdagangan Besar dan Eceran,Kecil,DKI Jakarta,5729876,12,6,6,50.0,7425000.0,7425000.0,0.0,100.0,Tepat Waktu,5,Persisten Memburuk,1.46,6,0.0,0.0,12875750,0,5,1,1,PDS Tenaga Kerja,Tinggi,Surat Teguran Tertulis I & Jadwal Audit Wasrik Lapangan,2227500
BU-0443,PT,Q,Aktivitas Pelayanan Kesehatan & Rumah Sakit Swasta,Menengah,DKI Jakarta,5729876,173,173,0,100.0,11090000.0,11090000.0,0.0,100.0,Tepat Waktu,0,Stabil Patuh,0.0,0,109250.0,1112000.0,21718900,0,3,1,0,Patuh,Normal,Tidak Perlu Tindakan,0
BU-0444,PT,I,Penyediaan Akomodasi dan F&B (Restoran & Hotel),Menengah,Banten,3100881,181,181,0,100.0,5332000.0,5332000.0,0.0,100.0,Tepat Waktu,0,Stabil Patuh,5.62,67,0.0,0.0,34431750,0,3,1,0,Patuh,Normal,Tidak Perlu Tindakan,0
BU-0445,PT,N,Jasa Penunjang Usaha (Alih Daya / Outsourcing / Security),Besar,Jawa Barat,2317601,526,263,263,50.0,3194000.0,3194000.0,0.0,100.0,Tepat Waktu,5,Persisten Memburuk,68.92,263,0.0,0.0,261699250,0,5,1,1,PDS Tenaga Kerja,Tinggi,Surat Teguran Tertulis I & Jadwal Audit Wasrik Lapangan,42001100
BU-0446,Yayasan,Q,Aktivitas Pelayanan Kesehatan & Rumah Sakit Swasta,Menengah,Jawa Timur,2446880,146,146,0,100.0,4849000.0,4849000.0,0.0,100.0,Tepat Waktu,0,Stabil Patuh,0.0,0,0.0,0.0,0,0,0,0,0,Patuh,Normal,Tidak Perlu Tindakan,0
BU-0447,PT,C,Industri Pengolahan / Manufaktur,Kecil,DKI Jakarta,5729876,37,37,0,100.0,8096000.0,8096000.0,0.0,100.0,Tepat Waktu,0,Stabil Patuh,0.0,0,0.0,0.0,0,0,0,0,0,Patuh,Normal,Tidak Perlu Tindakan,0
BU-0448,PT,J,Informasi dan Komunikasi / Teknologi,Menengah,Banten,3100881,61,61,0,100.0,5268000.0,5268000.0,0.0,100.0,Tepat Waktu,0,Stabil Patuh,0.0,0,0.0,0.0,31474800,3,3,1,0,Patuh,Normal,Tidak Perlu Tindakan,0
BU-0449,PT,A,"Pertanian, Perkebunan Kelapa Sawit & Kehutanan",Kecil,Jawa Tengah,2327386,32,32,0,100.0,3458000.0,3458000.0,0.0,100.0,Tepat Waktu,0,Stabil Patuh,0.0,0,0.0,0.0,0,0,0,0,0,Patuh,Normal,Tidak Perlu Tindakan,0
BU-0450,Koperasi,I,Penyediaan Akomodasi dan F&B (Restoran & Hotel),Mikro,Jawa Barat,2317601,4,2,2,50.0,2938000.0,2938000.0,0.0,100.0,Tepat Waktu,5,Persisten Memburuk,0.75,3,0.0,0.0,2600100,0,5,1,1,PDS Tenaga Kerja,Tinggi,Surat Teguran Tertulis I & Jadwal Audit Wasrik Lapangan,293800
BU-0451,Koperasi,H,"Transportasi, Pergudangan & Logistik",Kecil,Riau,3780495,34,34,0,100.0,5293000.0,5293000.0,0.0,100.0,Tepat Waktu,0,Stabil Patuh,1.0,12,0.0,0.0,6008400,0,3,1,0,Patuh,Normal,Tidak Perlu Tindakan,0
BU-0452,Koperasi,Q,Aktivitas Pelayanan Kesehatan & Rumah Sakit Swasta,Besar,Jawa Tengah,2327386,832,832,0,100.0,4179000.0,4179000.0,0.0,100.0,Tepat Waktu,0,Stabil Patuh,0.0,0,0.0,0.0,0,0,0,0,0,Patuh,Normal,Tidak Perlu Tindakan,0
BU-0453,PT,F,Konstruksi & Infrastruktur,Kecil,Kalimantan Timur,3762431,6,6,0,100.0,4277000.0,4277000.0,0.0,100.0,Tepat Waktu,0,Stabil Patuh,0.0,0,0.0,0.0,0,0,0,0,0,Patuh,Normal,Tidak Perlu Tindakan,0
BU-0454,CV,Q,Aktivitas Pelayanan Kesehatan & Rumah Sakit Swasta,Kecil,Jawa Timur,2446880,34,17,17,50.0,2617000.0,2446880.0,170120.0,93.5,Menunggak,20,Persisten Memburuk,11.38,17,103100.0,170120.0,73867688,20,20,1,0,PDS Kombinasi,Tinggi,Surat Teguran Tertulis I & Jadwal Audit Wasrik Lapangan,4448900
BU-0455,Koperasi,Q,Aktivitas Pelayanan Kesehatan & Rumah Sakit Swasta,Menengah,Jawa Timur,2446880,64,64,0,100.0,3894000.0,3894000.0,0.0,100.0,Tepat Waktu,0,Stabil Patuh,1.92,23,0.0,0.0,8401900,0,3,1,0,Patuh,Normal,Tidak Perlu Tindakan,0
BU-0456,PT,A,"Pertanian, Perkebunan Kelapa Sawit & Kehutanan",Besar,DKI Jakarta,5729876,282,282,0,100.0,16208000.0,16208000.0,0.0,100.0,Tepat Waktu,0,Stabil Patuh,0.0,0,160541.67,1635000.0,0,0,3,1,0,Patuh,Normal,Tidak Perlu Tindakan,0
BU-0457,PT,N,Jasa Penunjang Usaha (Alih Daya / Outsourcing / Security),Besar,DKI Jakarta,5729876,779,779,0,100.0,13565000.0,13565000.0,0.0,100.0,Tepat Waktu,0,Stabil Patuh,0.0,0,0.0,0.0,0,0,0,0,0,Patuh,Normal,Tidak Perlu Tindakan,0
BU-0458,PT,K,"Jasa Keuangan, Pembiayaan dan Asuransi",Kecil,DKI Jakarta,5729876,30,30,0,100.0,8456000.0,8456000.0,0.0,100.0,Tepat Waktu,0,Stabil Patuh,0.0,0,0.0,0.0,28421300,3,3,1,0,Patuh,Normal,Tidak Perlu Tindakan,0
BU-0459,CV,H,"Transportasi, Pergudangan & Logistik",Kecil,Jawa Barat,2317601,49,49,0,100.0,2675000.0,2675000.0,0.0,100.0,Tepat Waktu,0,Stabil Patuh,0.0,0,0.0,0.0,11307450,3,3,1,0,Patuh,Normal,Tidak Perlu Tindakan,0
BU-0460,PT,C,Industri Pengolahan / Manufaktur,Menengah,Banten,3100881,170,170,0,100.0,4173000.0,4173000.0,0.0,100.0,Tepat Waktu,0,Stabil Patuh,0.0,0,0.0,0.0,0,0,0,0,0,Patuh,Normal,Tidak Perlu Tindakan,0
BU-0461,PT,H,"Transportasi, Pergudangan & Logistik",Besar,DKI Jakarta,5729876,722,722,0,100.0,12795000.0,12795000.0,0.0,100.0,Tepat Waktu,0,Stabil Patuh,0.0,0,0.0,0.0,0,0,0,0,0,Patuh,Normal,Tidak Perlu Tindakan,0
BU-0462,PT,G,Perdagangan Besar dan Eceran,Kecil,Jawa Barat,2317601,25,25,0,100.0,2702000.0,2702000.0,0.0,100.0,Tepat Waktu,0,Stabil Patuh,0.75,9,0.0,0.0,2304900,0,3,1,0,Patuh,Normal,Tidak Perlu Tindakan,0
BU-0463,Koperasi,H,"Transportasi, Pergudangan & Logistik",Besar,Sumatera Utara,3228949,699,699,0,100.0,8611000.0,8611000.0,0.0,100.0,Tepat Waktu,0,Stabil Patuh,0.0,0,0.0,0.0,0,0,0,0,0,Patuh,Normal,Tidak Perlu Tindakan,0
BU-0464,CV,K,"Jasa Keuangan, Pembiayaan dan Asuransi",Mikro,Banten,3100881,4,4,0,100.0,3786000.0,3786000.0,0.0,100.0,Tepat Waktu,0,Stabil Patuh,0.0,0,0.0,0.0,0,0,0,0,0,Patuh,Normal,Tidak Perlu Tindakan,0
BU-0465,PT,J,Informasi dan Komunikasi / Teknologi,Kecil,DKI Jakarta,5729876,14,14,0,100.0,6930000.0,6930000.0,0.0,100.0,Tepat Waktu,0,Stabil Patuh,0.0,0,0.0,0.0,0,0,0,0,0,Patuh,Normal,Tidak Perlu Tindakan,0
BU-0466,CV,J,Informasi dan Komunikasi / Teknologi,Kecil,Sumatera Utara,3228949,38,38,0,100.0,3505000.0,3505000.0,0.0,100.0,Tepat Waktu,0,Stabil Patuh,0.0,0,0.0,0.0,0,0,0,0,0,Patuh,Normal,Tidak Perlu Tindakan,0
BU-0467,CV,F,Konstruksi & Infrastruktur,Kecil,Jawa Timur,2446880,51,51,0,100.0,3078000.0,3078000.0,0.0,100.0,Tepat Waktu,0,Stabil Patuh,0.0,0,29750.0,303000.0,1720100,0,3,1,0,Patuh,Normal,Tidak Perlu Tindakan,0
BU-0468,PT,A,"Pertanian, Perkebunan Kelapa Sawit & Kehutanan",Menengah,DKI Jakarta,5729876,195,195,0,100.0,8131000.0,8131000.0,0.0,100.0,Tepat Waktu,0,Stabil Patuh,0.0,0,0.0,0.0,0,0,0,0,0,Patuh,Normal,Tidak Perlu Tindakan,0
BU-0469,PT,J,Informasi dan Komunikasi / Teknologi,Menengah,Jawa Tengah,2327386,64,64,0,100.0,3084000.0,3084000.0,0.0,100.0,Tepat Waktu,0,Stabil Patuh,0.0,0,0.0,0.0,0,0,0,0,0,Patuh,Normal,Tidak Perlu Tindakan,0
BU-0470,Yayasan,K,"Jasa Keuangan, Pembiayaan dan Asuransi",Menengah,Sumatera Utara,3228949,96,96,0,100.0,7065000.0,7065000.0,0.0,100.0,Tepat Waktu,0,Stabil Patuh,2.75,33,0.0,0.0,22251900,0,3,1,0,Patuh,Normal,Tidak Perlu Tindakan,0
BU-0471,PT,N,Jasa Penunjang Usaha (Alih Daya / Outsourcing / Security),Kecil,DKI Jakarta,5729876,19,19,0,100.0,8080000.0,8080000.0,0.0,100.0,Tepat Waktu,0,Stabil Patuh,0.0,0,0.0,0.0,0,0,0,0,0,Patuh,Normal,Tidak Perlu Tindakan,0
BU-0472,PT,I,Penyediaan Akomodasi dan F&B (Restoran & Hotel),Besar,DKI Jakarta,5729876,507,507,0,100.0,11940000.0,11940000.0,0.0,100.0,Tepat Waktu,0,Stabil Patuh,15.33,184,0.0,0.0,208232800,0,3,1,0,Patuh,Normal,Tidak Perlu Tindakan,0
BU-0473,CV,I,Penyediaan Akomodasi dan F&B (Restoran & Hotel),Kecil,DKI Jakarta,5729876,16,16,0,100.0,8048000.0,8048000.0,0.0,100.0,Tepat Waktu,0,Stabil Patuh,0.0,0,0.0,0.0,0,0,0,0,0,Patuh,Normal,Tidak Perlu Tindakan,0
BU-0474,PT,I,Penyediaan Akomodasi dan F&B (Restoran & Hotel),Kecil,Sulawesi Selatan,3921088,17,17,0,100.0,4969000.0,4969000.0,0.0,100.0,Tepat Waktu,0,Stabil Patuh,0.0,0,0.0,0.0,0,0,0,0,0,Patuh,Normal,Tidak Perlu Tindakan,0
BU-0475,PT,F,Konstruksi & Infrastruktur,Besar,DKI Jakarta,5729876,437,437,0,100.0,16716000.0,16716000.0,0.0,100.0,Tepat Waktu,0,Stabil Patuh,0.0,0,0.0,0.0,0,0,0,0,0,Patuh,Normal,Tidak Perlu Tindakan,0
BU-0476,CV,K,"Jasa Keuangan, Pembiayaan dan Asuransi",Besar,Sulawesi Selatan,3921088,410,410,0,100.0,8538000.0,8538000.0,0.0,100.0,Tepat Waktu,0,Stabil Patuh,0.0,0,0.0,0.0,0,0,0,0,0,Patuh,Normal,Tidak Perlu Tindakan,0
BU-0477,PT,I,Penyediaan Akomodasi dan F&B (Restoran & Hotel),Kecil,Jawa Timur,2446880,15,15,0,100.0,2593000.0,2593000.0,0.0,100.0,Tepat Waktu,0,Stabil Patuh,0.0,0,0.0,0.0,5304050,3,3,1,0,Patuh,Normal,Tidak Perlu Tindakan,0
BU-0478,Koperasi,I,Penyediaan Akomodasi dan F&B (Restoran & Hotel),Menengah,Banten,3100881,149,149,0,100.0,6467000.0,6467000.0,0.0,100.0,Tepat Waktu,0,Stabil Patuh,0.0,0,0.0,0.0,0,0,0,0,0,Patuh,Normal,Tidak Perlu Tindakan,0
BU-0479,PT,G,Perdagangan Besar dan Eceran,Kecil,DKI Jakarta,5729876,49,49,0,100.0,8380000.0,8380000.0,0.0,100.0,Tepat Waktu,0,Stabil Patuh,0.0,0,0.0,0.0,0,0,0,0,0,Patuh,Normal,Tidak Perlu Tindakan,0
BU-0480,CV,H,"Transportasi, Pergudangan & Logistik",Menengah,Jawa Tengah,2327386,108,108,0,100.0,4378000.0,4378000.0,0.0,100.0,Tepat Waktu,0,Stabil Patuh,0.0,0,0.0,0.0,0,0,0,0,0,Patuh,Normal,Tidak Perlu Tindakan,0
BU-0481,PT,A,"Pertanian, Perkebunan Kelapa Sawit & Kehutanan",Menengah,Sulawesi Selatan,3921088,190,190,0,100.0,8380000.0,8380000.0,0.0,100.0,Tepat Waktu,0,Stabil Patuh,0.0,0,0.0,0.0,0,0,0,0,0,Patuh,Normal,Tidak Perlu Tindakan,0
BU-0482,Yayasan,G,Perdagangan Besar dan Eceran,Kecil,Banten,3100881,37,37,0,100.0,4681000.0,4681000.0,0.0,100.0,Tepat Waktu,0,Stabil Patuh,0.0,0,0.0,0.0,18212200,3,3,1,0,Patuh,Normal,Tidak Perlu Tindakan,0
BU-0483,PT,G,Perdagangan Besar dan Eceran,Besar,Jawa Tengah,2327386,836,836,0,100.0,4216000.0,4216000.0,0.0,100.0,Tepat Waktu,0,Stabil Patuh,0.0,0,0.0,0.0,331003050,3,3,1,0,Patuh,Normal,Tidak Perlu Tindakan,0
BU-0484,PT,C,Industri Pengolahan / Manufaktur,Menengah,Jawa Tengah,2327386,83,83,0,100.0,3979000.0,3979000.0,0.0,100.0,Tepat Waktu,0,Stabil Patuh,0.0,0,0.0,0.0,0,0,0,0,0,Patuh,Normal,Tidak Perlu Tindakan,0
BU-0485,CV,J,Informasi dan Komunikasi / Teknologi,Mikro,Riau,3780495,4,4,0,100.0,4332000.0,4332000.0,0.0,100.0,Tepat Waktu,0,Stabil Patuh,0.12,1,0.0,0.0,616350,0,3,1,0,Patuh,Normal,Tidak Perlu Tindakan,0
BU-0486,Yayasan,N,Jasa Penunjang Usaha (Alih Daya / Outsourcing / Security),Menengah,Sulawesi Selatan,3921088,94,94,0,100.0,5023000.0,5023000.0,0.0,100.0,Tepat Waktu,0,Stabil Patuh,0.0,0,49000.0,499000.0,5942350,0,3,1,0,Patuh,Normal,Tidak Perlu Tindakan,0
BU-0487,CV,J,Informasi dan Komunikasi / Teknologi,Kecil,DKI Jakarta,5729876,28,28,0,100.0,8080000.0,8080000.0,0.0,100.0,Tepat Waktu,0,Stabil Patuh,0.96,11,0.0,0.0,8725050,0,3,1,0,Patuh,Normal,Tidak Perlu Tindakan,0
BU-0488,Koperasi,Q,Aktivitas Pelayanan Kesehatan & Rumah Sakit Swasta,Menengah,Jawa Timur,2446880,188,188,0,100.0,4248000.0,4248000.0,0.0,100.0,Tepat Waktu,0,Stabil Patuh,0.0,0,0.0,0.0,0,0,0,0,0,Patuh,Normal,Tidak Perlu Tindakan,0
BU-0489,PT,J,Informasi dan Komunikasi / Teknologi,Besar,Bali,3207459,371,371,0,100.0,6623000.0,6623000.0,0.0,100.0,Tepat Waktu,0,Stabil Patuh,0.0,0,0.0,0.0,0,0,0,0,0,Patuh,Normal,Tidak Perlu Tindakan,0
BU-0490,PT,A,"Pertanian, Perkebunan Kelapa Sawit & Kehutanan",Menengah,Banten,3100881,183,183,0,100.0,4237000.0,4237000.0,0.0,100.0,Tepat Waktu,0,Stabil Patuh,0.0,0,0.0,0.0,75731500,3,3,1,0,Patuh,Normal,Tidak Perlu Tindakan,0
BU-0491,CV,N,Jasa Penunjang Usaha (Alih Daya / Outsourcing / Security),Besar,Jawa Timur,2446880,535,535,0,100.0,6017000.0,6017000.0,0.0,100.0,Tepat Waktu,0,Stabil Patuh,0.0,0,59000.0,601000.0,37719250,0,3,1,0,Patuh,Normal,Tidak Perlu Tindakan,0
BU-0492,Yayasan,Q,Aktivitas Pelayanan Kesehatan & Rumah Sakit Swasta,Menengah,Banten,3100881,184,184,0,100.0,5881000.0,5881000.0,0.0,100.0,Tepat Waktu,0,Stabil Patuh,0.0,0,0.0,0.0,0,0,0,0,0,Patuh,Normal,Tidak Perlu Tindakan,0
BU-0493,Koperasi,K,"Jasa Keuangan, Pembiayaan dan Asuransi",Menengah,Sumatera Utara,3228949,89,89,0,100.0,6812000.0,6812000.0,0.0,100.0,Tepat Waktu,0,Stabil Patuh,0.0,0,65791.67,670000.0,7282550,0,3,1,0,Patuh,Normal,Tidak Perlu Tindakan,0
BU-0494,PT,Q,Aktivitas Pelayanan Kesehatan & Rumah Sakit Swasta,Mikro,Banten,3100881,6,6,0,100.0,4552000.0,4552000.0,0.0,100.0,Tepat Waktu,0,Stabil Patuh,0.0,0,0.0,0.0,3048500,3,3,1,0,Patuh,Normal,Tidak Perlu Tindakan,0
BU-0495,Koperasi,Q,Aktivitas Pelayanan Kesehatan & Rumah Sakit Swasta,Kecil,Jawa Timur,2446880,12,12,0,100.0,3318000.0,3318000.0,0.0,100.0,Tepat Waktu,0,Stabil Patuh,0.0,0,0.0,0.0,0,0,0,0,0,Patuh,Normal,Tidak Perlu Tindakan,0
BU-0496,CV,F,Konstruksi & Infrastruktur,Menengah,Jawa Barat,2317601,101,101,0,100.0,4815000.0,4815000.0,0.0,100.0,Tepat Waktu,0,Stabil Patuh,0.0,0,0.0,0.0,0,0,0,0,0,Patuh,Normal,Tidak Perlu Tindakan,0
BU-0497,PT,G,Perdagangan Besar dan Eceran,Kecil,Jawa Barat,2317601,16,16,0,100.0,2582000.0,2582000.0,0.0,100.0,Tepat Waktu,0,Stabil Patuh,0.0,0,0.0,0.0,0,0,0,0,0,Patuh,Normal,Tidak Perlu Tindakan,0
BU-0498,CV,F,Konstruksi & Infrastruktur,Mikro,Jawa Barat,2317601,17,17,0,100.0,2781000.0,2781000.0,0.0,100.0,Tepat Waktu,0,Stabil Patuh,0.0,0,0.0,0.0,0,0,0,0,0,Patuh,Normal,Tidak Perlu Tindakan,0
BU-0499,PT,I,Penyediaan Akomodasi dan F&B (Restoran & Hotel),Menengah,Jawa Timur,2446880,64,64,0,100.0,4866000.0,4866000.0,0.0,100.0,Tepat Waktu,0,Stabil Patuh,2.0,24,0.0,0.0,10984800,0,3,1,0,Patuh,Normal,Tidak Perlu Tindakan,0
BU-0500,PT,I,Penyediaan Akomodasi dan F&B (Restoran & Hotel),Menengah,Banten,3100881,182,182,0,100.0,4463000.0,4463000.0,0.0,100.0,Tepat Waktu,0,Stabil Patuh,0.0,0,0.0,0.0,0,0,0,0,0,Patuh,Normal,Tidak Perlu Tindakan,0
