id_kasus,id_badan_usaha,nama_badan_usaha,kantor_cabang_bpjs,periode_deteksi_kasus,periode_intervensi,jenis_pelanggaran,durasi_sebelum_ditindak_bulan,total_potensi_iuran_hilang_rp,skor_urgensi_sistem,rekomendasi_tindakan_sistem,keputusan_petugas_bpjs,nama_petugas_wasrik,respon_badan_usaha,hasil_resolusi_kasus,waktu_penyelesaian_hari,nominal_iuran_terpulihkan_rp,status_residivis,tanggal_deteksi,tanggal_intervensi,urutan_tingkat_urgensi,kesesuaian_rekomendasi_petugas,flag_residivis,flag_tuntas,rasio_pemulihan_pct
CAS-2025-0001,BU-0001,PT Daya Katering Prima,KC Bandung,2025-08,2025-10,PDS Kombinasi,3,47254800,Tinggi,Surat Teguran Tertulis I & Jadwal Audit Wasrik Lapangan,Setuju Rekomendasi: Surat Teguran Tertulis I & Jadwal Audit Wasrik Lapangan,"Indah Permata, S.E. (Pemeriksa Pertama)",Pasif / Menolak - Diberikan Teguran Keras & Diusulkan Sanksi TMP2T,Eskalasi Hukum - SKK Kejaksaan Negeri (Datun),71,7875800,Kasus Baru Pertama,2025-08-01,2025-10-01,4,Sesuai Rekomendasi Sistem,0,0,16.67
CAS-2025-0002,BU-0003,PT Nusantara Teknologi,KC Jakarta Pusat,2025-05,2025-07,Tunggakan Iuran,3,201317850,Tinggi,Surat Teguran Tertulis I & Jadwal Audit Wasrik Lapangan,Penyesuaian: Beri Dispensasi Cicilan Tunggakan (Restrukturisasi),"Nurul Hasanah, S.Ak. (Analis Kepatuhan)",Kooperatif - Menandatangani Komitmen Pembayaran Bertahap,Tuntas - Restrukturisasi Iuran Disetujui,45,57040058,Kasus Baru Pertama,2025-05-01,2025-07-01,4,Diskresi / Penyesuaian Petugas,0,1,28.33
CAS-2025-0003,BU-0009,PT Sejahtera Sarana Jaya,KC Tangerang,2025-03,2025-05,PDS Upah,3,2129400,Sedang,Surat Klarifikasi & Permintaan Pemutakhiran Data,Setuju Rekomendasi: Surat Klarifikasi & Permintaan Pemutakhiran Data,"Indah Permata, S.E. (Pemeriksa Pertama)",Kooperatif - Memperbaiki Data & Mendaftarkan Seluruh Pekerja,Tuntas - Patuh Kembali Penuh,32,2022930,Kasus Baru Pertama,2025-03-01,2025-05-01,3,Sesuai Rekomendasi Sistem,0,1,95.0
CAS-2025-0004,BU-0010,CV Cipta Logistik,KC Tangerang,2025-09,2025-11,PDS Tenaga Kerja,3,497100,Sedang,Surat Klarifikasi & Permintaan Pemutakhiran Data,Setuju Rekomendasi: Surat Klarifikasi & Permintaan Pemutakhiran Data,"Nurul Hasanah, S.Ak. (Analis Kepatuhan)",Kooperatif - Memperbaiki Data & Mendaftarkan Seluruh Pekerja,Tuntas - Patuh Kembali Penuh,42,472245,Kasus Baru Pertama,2025-09-01,2025-11-01,3,Sesuai Rekomendasi Sistem,0,1,95.0
CAS-2025-0005,BU-0012,CV Prima Agro Makmur,KC Makassar,2025-04,2025-06,PDS Tenaga Kerja,3,21767400,Sedang,Surat Klarifikasi & Permintaan Pemutakhiran Data,Setuju Rekomendasi: Surat Klarifikasi & Permintaan Pemutakhiran Data,"Nurul Hasanah, S.Ak. (Analis Kepatuhan)",Kooperatif - Memperbaiki Data & Mendaftarkan Seluruh Pekerja,Tuntas - Patuh Kembali Penuh,39,20679030,Kasus Baru Pertama,2025-04-01,2025-06-01,3,Sesuai Rekomendasi Sistem,0,1,95.0
CAS-2026-0006,BU-0012,CV Prima Agro Makmur,KC Makassar,2026-05,2026-07,PDS Tenaga Kerja,3,25290000,Kritis,Pemeriksaan Lapangan Khusus (Audit Investigasi Pelanggaran Berulang),Setuju Rekomendasi: Audit Lapangan & Usulan Sanksi TMP2T (Residivis),"Rian Hidayat, S.H. (Pemeriksa Pertama)",Kooperatif Setelah Diberi Peringatan Keras Wasrik & Disnaker,Tuntas - Pemutakhiran Data Wajib dengan Pengawasan Berkala,41,24784200,Residivis (Masalah Berulang),2026-05-01,2026-07-01,5,Sesuai Rekomendasi Sistem,1,1,98.0
CAS-2025-0007,BU-0015,Koperasi Sentosa Solusindo,KC Jakarta Pusat,2025-06,2025-08,PDS Kombinasi,3,49026000,Tinggi,Surat Teguran Tertulis I & Jadwal Audit Wasrik Lapangan,Setuju Rekomendasi: Surat Teguran Tertulis I & Jadwal Audit Wasrik Lapangan,"Agus Hermawan, S.Kom. (Analis Wasrik)",Pasif / Menolak - Diberikan Teguran Keras & Diusulkan Sanksi TMP2T,Eskalasi Hukum - SKK Kejaksaan Negeri (Datun),119,8171000,Kasus Baru Pertama,2025-06-01,2025-08-01,4,Sesuai Rekomendasi Sistem,0,0,16.67
CAS-2025-0008,BU-0018,CV Wijaya Katering Prima,KC Medan,2025-06,2025-08,PDS Kombinasi,3,835632450,Tinggi,Surat Teguran Tertulis I & Jadwal Audit Wasrik Lapangan,Setuju Rekomendasi: Surat Teguran Tertulis I & Jadwal Audit Wasrik Lapangan,"Rian Hidayat, S.H. (Pemeriksa Pertama)",Pasif / Menolak - Diberikan Teguran Keras & Diusulkan Sanksi TMP2T,Eskalasi Hukum - SKK Kejaksaan Negeri (Datun),115,139272075,Kasus Baru Pertama,2025-06-01,2025-08-01,4,Sesuai Rekomendasi Sistem,0,0,16.67
CAS-2025-0009,BU-0019,CV Bina Pangan,KC Surabaya,2025-05,2025-07,PDS Kombinasi,3,2167500,Tinggi,Surat Teguran Tertulis I & Jadwal Audit Wasrik Lapangan,Setuju Rekomendasi: Surat Teguran Tertulis I & Jadwal Audit Wasrik Lapangan,"Fajar Ramadhan, S.ST. (Analis Wasrik)",Pasif / Menolak - Diberikan Teguran Keras & Diusulkan Sanksi TMP2T,Eskalasi Hukum - SKK Kejaksaan Negeri (Datun),114,361250,Kasus Baru Pertama,2025-05-01,2025-07-01,4,Sesuai Rekomendasi Sistem,0,0,16.67
CAS-2025-0010,BU-0023,PT Sumber Sarana Jaya,KC Jakarta Pusat,2025-03,2025-05,Tunggakan Iuran,3,3446100,Tinggi,Surat Teguran Tertulis I & Jadwal Audit Wasrik Lapangan,Setuju Rekomendasi: Surat Teguran Tertulis I & Jadwal Audit Wasrik Lapangan,"Rian Hidayat, S.H. (Pemeriksa Pertama)",Kooperatif - Menandatangani Komitmen Pembayaran Bertahap,Tuntas - Restrukturisasi Iuran Disetujui,30,976395,Kasus Baru Pertama,2025-03-01,2025-05-01,4,Sesuai Rekomendasi Sistem,0,1,28.33
CAS-2025-0011,BU-0024,Koperasi Prima Konstruksi,KC Denpasar,2025-07,2025-09,PDS Upah,3,709494,Sedang,Surat Klarifikasi & Permintaan Pemutakhiran Data,Setuju Rekomendasi: Surat Klarifikasi & Permintaan Pemutakhiran Data,"Nurul Hasanah, S.Ak. (Analis Kepatuhan)",Kooperatif - Memperbaiki Data & Mendaftarkan Seluruh Pekerja,Tuntas - Patuh Kembali Penuh,35,674019,Kasus Baru Pertama,2025-07-01,2025-09-01,3,Sesuai Rekomendasi Sistem,0,1,95.0
CAS-2025-0012,BU-0025,CV Cipta Oto Perkasa,KC Jakarta Pusat,2025-04,2025-06,Tunggakan Iuran,3,285630300,Tinggi,Surat Teguran Tertulis I & Jadwal Audit Wasrik Lapangan,Setuju Rekomendasi: Surat Teguran Tertulis I & Jadwal Audit Wasrik Lapangan,"Dian Sastrowardoyo, S.H. (Pemeriksa Muda)",Kooperatif - Menandatangani Komitmen Pembayaran Bertahap,Tuntas - Restrukturisasi Iuran Disetujui,42,80928585,Kasus Baru Pertama,2025-04-01,2025-06-01,4,Sesuai Rekomendasi Sistem,0,1,28.33
CAS-2025-0013,BU-0026,Yayasan Harapan Perkasa,KC Semarang,2025-08,2025-10,PDS Upah,3,544050,Sedang,Surat Klarifikasi & Permintaan Pemutakhiran Data,Penyesuaian: Beri Dispensasi Cicilan Tunggakan (Restrukturisasi),"Budi Santoso, S.E. (Pemeriksa Madya)",Kooperatif - Memperbaiki Data & Mendaftarkan Seluruh Pekerja,Tuntas - Patuh Kembali Penuh,20,516848,Kasus Baru Pertama,2025-08-01,2025-10-01,3,Diskresi / Penyesuaian Petugas,0,1,95.0
CAS-2025-0014,BU-0030,PT Adhi Sarana Jaya,KC Surabaya,2025-07,2025-09,Tunggakan Iuran,3,17464800,Tinggi,Surat Teguran Tertulis I & Jadwal Audit Wasrik Lapangan,Setuju Rekomendasi: Surat Teguran Tertulis I & Jadwal Audit Wasrik Lapangan,"Indah Permata, S.E. (Pemeriksa Pertama)",Kooperatif - Menandatangani Komitmen Pembayaran Bertahap,Tuntas - Restrukturisasi Iuran Disetujui,40,4948360,Kasus Baru Pertama,2025-07-01,2025-09-01,4,Sesuai Rekomendasi Sistem,0,1,28.33
CAS-2025-0015,BU-0031,CV Garuda Solusindo,KC Jakarta Pusat,2025-03,2025-05,PDS Upah,3,17901000,Sedang,Surat Klarifikasi & Permintaan Pemutakhiran Data,Penyesuaian: Beri Dispensasi Cicilan Tunggakan (Restrukturisasi),"Dewi Lestari, S.E., M.M. (Pemeriksa Madya)",Kooperatif - Memperbaiki Data & Mendaftarkan Seluruh Pekerja,Tuntas - Patuh Kembali Penuh,43,17005950,Kasus Baru Pertama,2025-03-01,2025-05-01,3,Diskresi / Penyesuaian Petugas,0,1,95.0
CAS-2025-0016,BU-0032,PT Garuda Oto Perkasa,KC Surabaya,2025-09,2025-11,PDS Upah,3,2580000,Sedang,Surat Klarifikasi & Permintaan Pemutakhiran Data,Setuju Rekomendasi: Surat Klarifikasi & Permintaan Pemutakhiran Data,"Fajar Ramadhan, S.ST. (Analis Wasrik)",Kooperatif - Memperbaiki Data & Mendaftarkan Seluruh Pekerja,Tuntas - Patuh Kembali Penuh,27,2451000,Kasus Baru Pertama,2025-09-01,2025-11-01,3,Sesuai Rekomendasi Sistem,0,1,95.0
CAS-2025-0017,BU-0038,Yayasan Mega Lintas Samudera,KC Jakarta Pusat,2025-04,2025-06,PDS Kombinasi,3,197370000,Tinggi,Surat Teguran Tertulis I & Jadwal Audit Wasrik Lapangan,Setuju Rekomendasi: Surat Teguran Tertulis I & Jadwal Audit Wasrik Lapangan,"Budi Santoso, S.E. (Pemeriksa Madya)",Pasif / Menolak - Diberikan Teguran Keras & Diusulkan Sanksi TMP2T,Eskalasi Hukum - SKK Kejaksaan Negeri (Datun),78,32895000,Kasus Baru Pertama,2025-04-01,2025-06-01,4,Sesuai Rekomendasi Sistem,0,0,16.67
CAS-2025-0018,BU-0039,Yayasan Karya Sarana Jaya,KC Surabaya,2025-04,2025-06,Tunggakan Iuran,3,39120000,Tinggi,Surat Teguran Tertulis I & Jadwal Audit Wasrik Lapangan,Setuju Rekomendasi: Surat Teguran Tertulis I & Jadwal Audit Wasrik Lapangan,"Agus Hermawan, S.Kom. (Analis Wasrik)",Kooperatif - Menandatangani Komitmen Pembayaran Bertahap,Tuntas - Restrukturisasi Iuran Disetujui,33,11084000,Kasus Baru Pertama,2025-04-01,2025-06-01,4,Sesuai Rekomendasi Sistem,0,1,28.33
CAS-2025-0019,BU-0040,PT Karya Garda Utama,KC Jakarta Pusat,2025-09,2025-11,Tunggakan Iuran,3,43045800,Tinggi,Surat Teguran Tertulis I & Jadwal Audit Wasrik Lapangan,Setuju Rekomendasi: Surat Teguran Tertulis I & Jadwal Audit Wasrik Lapangan,"Dian Sastrowardoyo, S.H. (Pemeriksa Muda)",Kooperatif - Menandatangani Komitmen Pembayaran Bertahap,Tuntas - Restrukturisasi Iuran Disetujui,55,12196310,Kasus Baru Pertama,2025-09-01,2025-11-01,4,Sesuai Rekomendasi Sistem,0,1,28.33
CAS-2025-0020,BU-0041,CV Wijaya Teknologi,KC Medan,2025-05,2025-07,Tunggakan Iuran,3,9284550,Tinggi,Surat Teguran Tertulis I & Jadwal Audit Wasrik Lapangan,Setuju Rekomendasi: Surat Teguran Tertulis I & Jadwal Audit Wasrik Lapangan,"Budi Santoso, S.E. (Pemeriksa Madya)",Kooperatif - Menandatangani Komitmen Pembayaran Bertahap,Tuntas - Restrukturisasi Iuran Disetujui,57,2630622,Kasus Baru Pertama,2025-05-01,2025-07-01,4,Sesuai Rekomendasi Sistem,0,1,28.33
CAS-2025-0021,BU-0043,PT Mitra Distribusindo,KC Medan,2025-06,2025-08,Tunggakan Iuran,3,5374500,Tinggi,Surat Teguran Tertulis I & Jadwal Audit Wasrik Lapangan,Setuju Rekomendasi: Surat Teguran Tertulis I & Jadwal Audit Wasrik Lapangan,"Eko Prasetyo, S.H. (Pemeriksa Madya)",Kooperatif - Menandatangani Komitmen Pembayaran Bertahap,Tuntas - Restrukturisasi Iuran Disetujui,45,1522775,Kasus Baru Pertama,2025-06-01,2025-08-01,4,Sesuai Rekomendasi Sistem,0,1,28.33
CAS-2025-0022,BU-0047,PT Mega Sarana Jaya,KC Bandung,2025-04,2025-06,PDS Tenaga Kerja,3,51885900,Sedang,Surat Klarifikasi & Permintaan Pemutakhiran Data,Setuju Rekomendasi: Surat Klarifikasi & Permintaan Pemutakhiran Data,"Dewi Lestari, S.E., M.M. (Pemeriksa Madya)",Kooperatif - Memperbaiki Data & Mendaftarkan Seluruh Pekerja,Tuntas - Patuh Kembali Penuh,23,49291605,Kasus Baru Pertama,2025-04-01,2025-06-01,3,Sesuai Rekomendasi Sistem,0,1,95.0
CAS-2026-0023,BU-0047,PT Mega Sarana Jaya,KC Bandung,2026-05,2026-07,PDS Tenaga Kerja,3,54618300,Kritis,Pemeriksaan Lapangan Khusus (Audit Investigasi Pelanggaran Berulang),Setuju Rekomendasi: Audit Lapangan & Usulan Sanksi TMP2T (Residivis),"Eko Prasetyo, S.H. (Pemeriksa Madya)",Kooperatif Setelah Diberi Peringatan Keras Wasrik & Disnaker,Tuntas - Pemutakhiran Data Wajib dengan Pengawasan Berkala,23,53525934,Residivis (Masalah Berulang),2026-05-01,2026-07-01,5,Sesuai Rekomendasi Sistem,1,1,98.0
CAS-2025-0024,BU-0052,CV Nusantara Sarana Jaya,KC Tangerang,2025-04,2025-06,PDS Tenaga Kerja,3,2023200,Sedang,Surat Klarifikasi & Permintaan Pemutakhiran Data,Setuju Rekomendasi: Surat Klarifikasi & Permintaan Pemutakhiran Data,"Fajar Ramadhan, S.ST. (Analis Wasrik)",Kooperatif - Memperbaiki Data & Mendaftarkan Seluruh Pekerja,Tuntas - Patuh Kembali Penuh,43,1922040,Kasus Baru Pertama,2025-04-01,2025-06-01,3,Sesuai Rekomendasi Sistem,0,1,95.0
CAS-2026-0025,BU-0052,CV Nusantara Sarana Jaya,KC Tangerang,2026-05,2026-07,PDS Tenaga Kerja,3,3570750,Kritis,Pemeriksaan Lapangan Khusus (Audit Investigasi Pelanggaran Berulang),Setuju Rekomendasi: Audit Lapangan & Usulan Sanksi TMP2T (Residivis),"Siti Rahmawati, S.H. (Pemeriksa Muda)",Kooperatif Setelah Diberi Peringatan Keras Wasrik & Disnaker,Tuntas - Pemutakhiran Data Wajib dengan Pengawasan Berkala,20,3499335,Residivis (Masalah Berulang),2026-05-01,2026-07-01,5,Sesuai Rekomendasi Sistem,1,1,98.0
CAS-2025-0026,BU-0053,PT Sentosa Distribusindo,KC Semarang,2025-04,2025-06,PDS Upah,3,780300,Sedang,Surat Klarifikasi & Permintaan Pemutakhiran Data,Setuju Rekomendasi: Surat Klarifikasi & Permintaan Pemutakhiran Data,"Rian Hidayat, S.H. (Pemeriksa Pertama)",Kooperatif - Memperbaiki Data & Mendaftarkan Seluruh Pekerja,Tuntas - Patuh Kembali Penuh,20,741285,Kasus Baru Pertama,2025-04-01,2025-06-01,3,Sesuai Rekomendasi Sistem,0,1,95.0
CAS-2025-0027,BU-0055,Yayasan Harapan Katering Prima,KC Surabaya,2025-03,2025-05,PDS Tenaga Kerja,3,964500,Sedang,Surat Klarifikasi & Permintaan Pemutakhiran Data,Setuju Rekomendasi: Surat Klarifikasi & Permintaan Pemutakhiran Data,"Agus Hermawan, S.Kom. (Analis Wasrik)",Kooperatif - Memperbaiki Data & Mendaftarkan Seluruh Pekerja,Tuntas - Patuh Kembali Penuh,36,916275,Kasus Baru Pertama,2025-03-01,2025-05-01,3,Sesuai Rekomendasi Sistem,0,1,95.0
CAS-2025-0028,BU-0057,PT Harapan Agro Makmur,KC Jakarta Pusat,2025-06,2025-08,PDS Tenaga Kerja,3,43008000,Sedang,Surat Klarifikasi & Permintaan Pemutakhiran Data,Eskalasi Cepat: Langsung Pemeriksaan Gabungan Bersama Disnaker,"Rian Hidayat, S.H. (Pemeriksa Pertama)",Kooperatif - Memperbaiki Data & Mendaftarkan Seluruh Pekerja,Tuntas - Patuh Kembali Penuh,39,40857600,Kasus Baru Pertama,2025-06-01,2025-08-01,3,Diskresi / Penyesuaian Petugas,0,1,95.0
CAS-2025-0029,BU-0060,Yayasan Surya Distribusindo,KC Bandung,2025-08,2025-10,PDS Kombinasi,3,6060600,Tinggi,Surat Teguran Tertulis I & Jadwal Audit Wasrik Lapangan,Setuju Rekomendasi: Surat Teguran Tertulis I & Jadwal Audit Wasrik Lapangan,"Nurul Hasanah, S.Ak. (Analis Kepatuhan)",Pasif / Menolak - Diberikan Teguran Keras & Diusulkan Sanksi TMP2T,Eskalasi Hukum - SKK Kejaksaan Negeri (Datun),116,1010100,Kasus Baru Pertama,2025-08-01,2025-10-01,4,Sesuai Rekomendasi Sistem,0,0,16.67
CAS-2025-0030,BU-0063,Koperasi Prima Garda Utama,KC Medan,2025-03,2025-05,PDS Tenaga Kerja,3,5807700,Sedang,Surat Klarifikasi & Permintaan Pemutakhiran Data,Setuju Rekomendasi: Surat Klarifikasi & Permintaan Pemutakhiran Data,"Rian Hidayat, S.H. (Pemeriksa Pertama)",Kooperatif - Memperbaiki Data & Mendaftarkan Seluruh Pekerja,Tuntas - Patuh Kembali Penuh,29,5517315,Kasus Baru Pertama,2025-03-01,2025-05-01,3,Sesuai Rekomendasi Sistem,0,1,95.0
CAS-2025-0031,BU-0065,CV Wijaya Agro Makmur,KC Balikpapan,2025-09,2025-11,PDS Tenaga Kerja,3,7335000,Sedang,Surat Klarifikasi & Permintaan Pemutakhiran Data,Setuju Rekomendasi: Surat Klarifikasi & Permintaan Pemutakhiran Data,"Dian Sastrowardoyo, S.H. (Pemeriksa Muda)",Kooperatif - Memperbaiki Data & Mendaftarkan Seluruh Pekerja,Tuntas - Patuh Kembali Penuh,15,6968250,Kasus Baru Pertama,2025-09-01,2025-11-01,3,Sesuai Rekomendasi Sistem,0,1,95.0
CAS-2025-0032,BU-0066,PT Sumber Logistik,KC Bandung,2025-07,2025-09,PDS Upah,3,19477500,Sedang,Surat Klarifikasi & Permintaan Pemutakhiran Data,Setuju Rekomendasi: Surat Klarifikasi & Permintaan Pemutakhiran Data,"Dewi Lestari, S.E., M.M. (Pemeriksa Madya)",Kooperatif - Memperbaiki Data & Mendaftarkan Seluruh Pekerja,Tuntas - Patuh Kembali Penuh,26,18503625,Kasus Baru Pertama,2025-07-01,2025-09-01,3,Sesuai Rekomendasi Sistem,0,1,95.0
CAS-2025-0033,BU-0067,CV Sinar Lintas Samudera,KC Balikpapan,2025-04,2025-06,PDS Upah,3,11733750,Sedang,Surat Klarifikasi & Permintaan Pemutakhiran Data,Setuju Rekomendasi: Surat Klarifikasi & Permintaan Pemutakhiran Data,"Dian Sastrowardoyo, S.H. (Pemeriksa Muda)",Kooperatif - Memperbaiki Data & Mendaftarkan Seluruh Pekerja,Tuntas - Patuh Kembali Penuh,43,11147062,Kasus Baru Pertama,2025-04-01,2025-06-01,3,Sesuai Rekomendasi Sistem,0,1,95.0
CAS-2025-0034,BU-0071,CV Sumber Perkasa,KC Surabaya,2025-08,2025-10,PDS Upah,3,7872900,Sedang,Surat Klarifikasi & Permintaan Pemutakhiran Data,Penyesuaian: Beri Dispensasi Cicilan Tunggakan (Restrukturisasi),"Dian Sastrowardoyo, S.H. (Pemeriksa Muda)",Kooperatif - Memperbaiki Data & Mendaftarkan Seluruh Pekerja,Tuntas - Patuh Kembali Penuh,20,7479255,Kasus Baru Pertama,2025-08-01,2025-10-01,3,Diskresi / Penyesuaian Petugas,0,1,95.0
CAS-2025-0035,BU-0072,CV Cipta Lintas Samudera,KC Bandung,2025-09,2025-11,PDS Upah,3,613800,Sedang,Surat Klarifikasi & Permintaan Pemutakhiran Data,Setuju Rekomendasi: Surat Klarifikasi & Permintaan Pemutakhiran Data,"Agus Hermawan, S.Kom. (Analis Wasrik)",Kooperatif - Memperbaiki Data & Mendaftarkan Seluruh Pekerja,Tuntas - Patuh Kembali Penuh,39,583110,Kasus Baru Pertama,2025-09-01,2025-11-01,3,Sesuai Rekomendasi Sistem,0,1,95.0
CAS-2025-0036,BU-0073,CV Nusantara Ritel Modern,KC Bandung,2025-05,2025-07,PDS Upah,3,8323200,Sedang,Surat Klarifikasi & Permintaan Pemutakhiran Data,Penyesuaian: Beri Dispensasi Cicilan Tunggakan (Restrukturisasi),"Indah Permata, S.E. (Pemeriksa Pertama)",Kooperatif - Memperbaiki Data & Mendaftarkan Seluruh Pekerja,Tuntas - Patuh Kembali Penuh,44,7907040,Kasus Baru Pertama,2025-05-01,2025-07-01,3,Diskresi / Penyesuaian Petugas,0,1,95.0
CAS-2025-0037,BU-0074,CV Harapan Distribusindo,KC Pekanbaru,2025-06,2025-08,PDS Tenaga Kerja,3,23540400,Sedang,Surat Klarifikasi & Permintaan Pemutakhiran Data,Setuju Rekomendasi: Surat Klarifikasi & Permintaan Pemutakhiran Data,"Rian Hidayat, S.H. (Pemeriksa Pertama)",Kooperatif - Memperbaiki Data & Mendaftarkan Seluruh Pekerja,Tuntas - Patuh Kembali Penuh,41,22363380,Kasus Baru Pertama,2025-06-01,2025-08-01,3,Sesuai Rekomendasi Sistem,0,1,95.0
CAS-2025-0038,BU-0076,Koperasi Mitra Multi Karya,KC Bandung,2025-04,2025-06,PDS Tenaga Kerja,3,1801800,Sedang,Surat Klarifikasi & Permintaan Pemutakhiran Data,Setuju Rekomendasi: Surat Klarifikasi & Permintaan Pemutakhiran Data,"Dian Sastrowardoyo, S.H. (Pemeriksa Muda)",Kooperatif - Memperbaiki Data & Mendaftarkan Seluruh Pekerja,Tuntas - Patuh Kembali Penuh,37,1711710,Kasus Baru Pertama,2025-04-01,2025-06-01,3,Sesuai Rekomendasi Sistem,0,1,95.0
CAS-2026-0039,BU-0076,Koperasi Mitra Multi Karya,KC Bandung,2026-05,2026-07,PDS Tenaga Kerja,3,1413000,Kritis,Pemeriksaan Lapangan Khusus (Audit Investigasi Pelanggaran Berulang),Setuju Rekomendasi: Audit Lapangan & Usulan Sanksi TMP2T (Residivis),"Indah Permata, S.E. (Pemeriksa Pertama)",Kooperatif Setelah Diberi Peringatan Keras Wasrik & Disnaker,Tuntas - Pemutakhiran Data Wajib dengan Pengawasan Berkala,40,1384740,Residivis (Masalah Berulang),2026-05-01,2026-07-01,5,Sesuai Rekomendasi Sistem,1,1,98.0
CAS-2025-0040,BU-0077,Koperasi Wijaya Agro Makmur,KC Balikpapan,2025-04,2025-06,PDS Tenaga Kerja,3,17436300,Sedang,Surat Klarifikasi & Permintaan Pemutakhiran Data,Setuju Rekomendasi: Surat Klarifikasi & Permintaan Pemutakhiran Data,"Rian Hidayat, S.H. (Pemeriksa Pertama)",Kooperatif - Memperbaiki Data & Mendaftarkan Seluruh Pekerja,Tuntas - Patuh Kembali Penuh,23,16564485,Kasus Baru Pertama,2025-04-01,2025-06-01,3,Sesuai Rekomendasi Sistem,0,1,95.0
CAS-2025-0041,BU-0078,Koperasi Sejahtera Teknologi,KC Tangerang,2025-03,2025-05,PDS Tenaga Kerja,3,5805000,Sedang,Surat Klarifikasi & Permintaan Pemutakhiran Data,Setuju Rekomendasi: Surat Klarifikasi & Permintaan Pemutakhiran Data,"Indah Permata, S.E. (Pemeriksa Pertama)",Kooperatif - Memperbaiki Data & Mendaftarkan Seluruh Pekerja,Tuntas - Patuh Kembali Penuh,32,5514750,Kasus Baru Pertama,2025-03-01,2025-05-01,3,Sesuai Rekomendasi Sistem,0,1,95.0
CAS-2025-0042,BU-0079,CV Karya Multi Karya,KC Jakarta Pusat,2025-04,2025-06,PDS Upah,3,2998800,Sedang,Surat Klarifikasi & Permintaan Pemutakhiran Data,Setuju Rekomendasi: Surat Klarifikasi & Permintaan Pemutakhiran Data,"Nurul Hasanah, S.Ak. (Analis Kepatuhan)",Kooperatif - Memperbaiki Data & Mendaftarkan Seluruh Pekerja,Tuntas - Patuh Kembali Penuh,28,2848860,Kasus Baru Pertama,2025-04-01,2025-06-01,3,Sesuai Rekomendasi Sistem,0,1,95.0
CAS-2025-0043,BU-0080,Yayasan Sentosa Konstruksi,KC Jakarta Pusat,2025-03,2025-05,PDS Tenaga Kerja,3,10424700,Sedang,Surat Klarifikasi & Permintaan Pemutakhiran Data,Setuju Rekomendasi: Surat Klarifikasi & Permintaan Pemutakhiran Data,"Rian Hidayat, S.H. (Pemeriksa Pertama)",Kooperatif - Memperbaiki Data & Mendaftarkan Seluruh Pekerja,Tuntas - Patuh Kembali Penuh,17,9903465,Kasus Baru Pertama,2025-03-01,2025-05-01,3,Sesuai Rekomendasi Sistem,0,1,95.0
CAS-2025-0044,BU-0081,Koperasi Sumber Duta Abadi,KC Makassar,2025-04,2025-06,PDS Kombinasi,3,1072691100,Tinggi,Surat Teguran Tertulis I & Jadwal Audit Wasrik Lapangan,Eskalasi Cepat: Langsung Pemeriksaan Gabungan Bersama Disnaker,"Indah Permata, S.E. (Pemeriksa Pertama)",Pasif / Menolak - Diberikan Teguran Keras & Diusulkan Sanksi TMP2T,Eskalasi Hukum - SKK Kejaksaan Negeri (Datun),108,178781850,Kasus Baru Pertama,2025-04-01,2025-06-01,4,Diskresi / Penyesuaian Petugas,0,0,16.67
CAS-2025-0045,BU-0083,Yayasan Mitra Hospitality,KC Tangerang,2025-04,2025-06,PDS Tenaga Kerja,3,120681750,Sedang,Surat Klarifikasi & Permintaan Pemutakhiran Data,Setuju Rekomendasi: Surat Klarifikasi & Permintaan Pemutakhiran Data,"Siti Rahmawati, S.H. (Pemeriksa Muda)",Kooperatif - Memperbaiki Data & Mendaftarkan Seluruh Pekerja,Tuntas - Patuh Kembali Penuh,40,114647662,Kasus Baru Pertama,2025-04-01,2025-06-01,3,Sesuai Rekomendasi Sistem,0,1,95.0
CAS-2026-0046,BU-0083,Yayasan Mitra Hospitality,KC Tangerang,2026-05,2026-07,PDS Tenaga Kerja,3,130438350,Kritis,Pemeriksaan Lapangan Khusus (Audit Investigasi Pelanggaran Berulang),Setuju Rekomendasi: Audit Lapangan & Usulan Sanksi TMP2T (Residivis),"Budi Santoso, S.E. (Pemeriksa Madya)",Kooperatif Setelah Diberi Peringatan Keras Wasrik & Disnaker,Tuntas - Pemutakhiran Data Wajib dengan Pengawasan Berkala,44,127829583,Residivis (Masalah Berulang),2026-05-01,2026-07-01,5,Sesuai Rekomendasi Sistem,1,1,98.0
CAS-2025-0047,BU-0086,Yayasan Bumi Perkasa,KC Surabaya,2025-05,2025-07,PDS Kombinasi,3,71662500,Tinggi,Surat Teguran Tertulis I & Jadwal Audit Wasrik Lapangan,Setuju Rekomendasi: Surat Teguran Tertulis I & Jadwal Audit Wasrik Lapangan,"Rian Hidayat, S.H. (Pemeriksa Pertama)",Pasif / Menolak - Diberikan Teguran Keras & Diusulkan Sanksi TMP2T,Eskalasi Hukum - SKK Kejaksaan Negeri (Datun),60,11943750,Kasus Baru Pertama,2025-05-01,2025-07-01,4,Sesuai Rekomendasi Sistem,0,0,16.67
CAS-2025-0048,BU-0089,Koperasi Adhi Perkasa,KC Pekanbaru,2025-03,2025-05,PDS Upah,3,14551200,Sedang,Surat Klarifikasi & Permintaan Pemutakhiran Data,Setuju Rekomendasi: Surat Klarifikasi & Permintaan Pemutakhiran Data,"Budi Santoso, S.E. (Pemeriksa Madya)",Kooperatif - Memperbaiki Data & Mendaftarkan Seluruh Pekerja,Tuntas - Patuh Kembali Penuh,21,13823640,Kasus Baru Pertama,2025-03-01,2025-05-01,3,Sesuai Rekomendasi Sistem,0,1,95.0
CAS-2025-0049,BU-0091,PT Nusantara Duta Abadi,KC Medan,2025-09,2025-11,Tunggakan Iuran,3,53682750,Tinggi,Surat Teguran Tertulis I & Jadwal Audit Wasrik Lapangan,Setuju Rekomendasi: Surat Teguran Tertulis I & Jadwal Audit Wasrik Lapangan,"Indah Permata, S.E. (Pemeriksa Pertama)",Kooperatif - Menandatangani Komitmen Pembayaran Bertahap,Tuntas - Restrukturisasi Iuran Disetujui,30,15210112,Kasus Baru Pertama,2025-09-01,2025-11-01,4,Sesuai Rekomendasi Sistem,0,1,28.33
CAS-2025-0050,BU-0093,PT Sentosa Konstruksi,KC Medan,2025-05,2025-07,PDS Tenaga Kerja,3,32540400,Sedang,Surat Klarifikasi & Permintaan Pemutakhiran Data,Penyesuaian: Beri Dispensasi Cicilan Tunggakan (Restrukturisasi),"Eko Prasetyo, S.H. (Pemeriksa Madya)",Kooperatif - Memperbaiki Data & Mendaftarkan Seluruh Pekerja,Tuntas - Patuh Kembali Penuh,30,30913380,Kasus Baru Pertama,2025-05-01,2025-07-01,3,Diskresi / Penyesuaian Petugas,0,1,95.0
CAS-2025-0051,BU-0094,Koperasi Prima Ritel Modern,KC Medan,2025-06,2025-08,Tunggakan Iuran,3,28505250,Tinggi,Surat Teguran Tertulis I & Jadwal Audit Wasrik Lapangan,Setuju Rekomendasi: Surat Teguran Tertulis I & Jadwal Audit Wasrik Lapangan,"Fajar Ramadhan, S.ST. (Analis Wasrik)",Kooperatif - Menandatangani Komitmen Pembayaran Bertahap,Tuntas - Restrukturisasi Iuran Disetujui,34,8076488,Kasus Baru Pertama,2025-06-01,2025-08-01,4,Sesuai Rekomendasi Sistem,0,1,28.33
CAS-2025-0052,BU-0097,Yayasan Adhi Perkasa,KC Bandung,2025-09,2025-11,PDS Tenaga Kerja,3,411450,Sedang,Surat Klarifikasi & Permintaan Pemutakhiran Data,Setuju Rekomendasi: Surat Klarifikasi & Permintaan Pemutakhiran Data,"Budi Santoso, S.E. (Pemeriksa Madya)",Kooperatif - Memperbaiki Data & Mendaftarkan Seluruh Pekerja,Tuntas - Patuh Kembali Penuh,36,390878,Kasus Baru Pertama,2025-09-01,2025-11-01,3,Sesuai Rekomendasi Sistem,0,1,95.0
CAS-2025-0053,BU-0098,PT Mitra Agro Makmur,KC Jakarta Pusat,2025-03,2025-05,Tunggakan Iuran,3,39159750,Tinggi,Surat Teguran Tertulis I & Jadwal Audit Wasrik Lapangan,Setuju Rekomendasi: Surat Teguran Tertulis I & Jadwal Audit Wasrik Lapangan,"Fajar Ramadhan, S.ST. (Analis Wasrik)",Kooperatif - Menandatangani Komitmen Pembayaran Bertahap,Tuntas - Restrukturisasi Iuran Disetujui,53,11095262,Kasus Baru Pertama,2025-03-01,2025-05-01,4,Sesuai Rekomendasi Sistem,0,1,28.33
CAS-2025-0054,BU-0099,PT Adhi Agro Makmur,KC Jakarta Pusat,2025-03,2025-05,PDS Tenaga Kerja,3,67476000,Sedang,Surat Klarifikasi & Permintaan Pemutakhiran Data,Setuju Rekomendasi: Surat Klarifikasi & Permintaan Pemutakhiran Data,"Nurul Hasanah, S.Ak. (Analis Kepatuhan)",Kooperatif - Memperbaiki Data & Mendaftarkan Seluruh Pekerja,Tuntas - Patuh Kembali Penuh,16,64102200,Kasus Baru Pertama,2025-03-01,2025-05-01,3,Sesuai Rekomendasi Sistem,0,1,95.0
CAS-2025-0055,BU-0100,PT Adhi Konstruksi,KC Jakarta Pusat,2025-08,2025-10,PDS Tenaga Kerja,3,4707750,Sedang,Surat Klarifikasi & Permintaan Pemutakhiran Data,Setuju Rekomendasi: Surat Klarifikasi & Permintaan Pemutakhiran Data,"Dewi Lestari, S.E., M.M. (Pemeriksa Madya)",Kooperatif - Memperbaiki Data & Mendaftarkan Seluruh Pekerja,Tuntas - Patuh Kembali Penuh,29,4472362,Kasus Baru Pertama,2025-08-01,2025-10-01,3,Sesuai Rekomendasi Sistem,0,1,95.0
CAS-2025-0056,BU-0101,PT Cipta Sarana Jaya,KC Jakarta Pusat,2025-09,2025-11,PDS Tenaga Kerja,3,8690400,Sedang,Surat Klarifikasi & Permintaan Pemutakhiran Data,Setuju Rekomendasi: Surat Klarifikasi & Permintaan Pemutakhiran Data,"Budi Santoso, S.E. (Pemeriksa Madya)",Kooperatif - Memperbaiki Data & Mendaftarkan Seluruh Pekerja,Tuntas - Patuh Kembali Penuh,32,8255880,Kasus Baru Pertama,2025-09-01,2025-11-01,3,Sesuai Rekomendasi Sistem,0,1,95.0
CAS-2025-0057,BU-0102,PT Prima Pangan,KC Surabaya,2025-07,2025-09,PDS Upah,3,13051500,Sedang,Surat Klarifikasi & Permintaan Pemutakhiran Data,Setuju Rekomendasi: Surat Klarifikasi & Permintaan Pemutakhiran Data,"Dian Sastrowardoyo, S.H. (Pemeriksa Muda)",Kooperatif - Memperbaiki Data & Mendaftarkan Seluruh Pekerja,Tuntas - Patuh Kembali Penuh,30,12398925,Kasus Baru Pertama,2025-07-01,2025-09-01,3,Sesuai Rekomendasi Sistem,0,1,95.0
CAS-2025-0058,BU-0105,CV Adhi Konstruksi,KC Jakarta Pusat,2025-04,2025-06,PDS Tenaga Kerja,3,31286250,Sedang,Surat Klarifikasi & Permintaan Pemutakhiran Data,Setuju Rekomendasi: Surat Klarifikasi & Permintaan Pemutakhiran Data,"Dewi Lestari, S.E., M.M. (Pemeriksa Madya)",Kooperatif - Memperbaiki Data & Mendaftarkan Seluruh Pekerja,Tuntas - Patuh Kembali Penuh,37,29721938,Kasus Baru Pertama,2025-04-01,2025-06-01,3,Sesuai Rekomendasi Sistem,0,1,95.0
CAS-2026-0059,BU-0105,CV Adhi Konstruksi,KC Jakarta Pusat,2026-05,2026-07,PDS Tenaga Kerja,3,30125400,Kritis,Pemeriksaan Lapangan Khusus (Audit Investigasi Pelanggaran Berulang),Setuju Rekomendasi: Audit Lapangan & Usulan Sanksi TMP2T (Residivis),"Agus Hermawan, S.Kom. (Analis Wasrik)",Kooperatif Setelah Diberi Peringatan Keras Wasrik & Disnaker,Tuntas - Pemutakhiran Data Wajib dengan Pengawasan Berkala,25,29522892,Residivis (Masalah Berulang),2026-05-01,2026-07-01,5,Sesuai Rekomendasi Sistem,1,1,98.0
CAS-2025-0060,BU-0108,PT Cipta Konstruksi,KC Semarang,2025-06,2025-08,PDS Tenaga Kerja,3,2502000,Sedang,Surat Klarifikasi & Permintaan Pemutakhiran Data,Setuju Rekomendasi: Surat Klarifikasi & Permintaan Pemutakhiran Data,"Dewi Lestari, S.E., M.M. (Pemeriksa Madya)",Kooperatif - Memperbaiki Data & Mendaftarkan Seluruh Pekerja,Tuntas - Patuh Kembali Penuh,29,2376900,Kasus Baru Pertama,2025-06-01,2025-08-01,3,Sesuai Rekomendasi Sistem,0,1,95.0
CAS-2025-0061,BU-0109,Yayasan Mandiri Oto Perkasa,KC Makassar,2025-07,2025-09,PDS Upah,3,16503750,Sedang,Surat Klarifikasi & Permintaan Pemutakhiran Data,Setuju Rekomendasi: Surat Klarifikasi & Permintaan Pemutakhiran Data,"Nurul Hasanah, S.Ak. (Analis Kepatuhan)",Kooperatif - Memperbaiki Data & Mendaftarkan Seluruh Pekerja,Tuntas - Patuh Kembali Penuh,34,15678562,Kasus Baru Pertama,2025-07-01,2025-09-01,3,Sesuai Rekomendasi Sistem,0,1,95.0
CAS-2025-0062,BU-0111,Koperasi Daya Duta Abadi,KC Bandung,2025-06,2025-08,PDS Upah,3,249000,Sedang,Surat Klarifikasi & Permintaan Pemutakhiran Data,Setuju Rekomendasi: Surat Klarifikasi & Permintaan Pemutakhiran Data,"Nurul Hasanah, S.Ak. (Analis Kepatuhan)",Kooperatif - Memperbaiki Data & Mendaftarkan Seluruh Pekerja,Tuntas - Patuh Kembali Penuh,41,236550,Kasus Baru Pertama,2025-06-01,2025-08-01,3,Sesuai Rekomendasi Sistem,0,1,95.0
CAS-2025-0063,BU-0113,PT Tri Garda Utama,KC Pekanbaru,2025-09,2025-11,PDS Upah,3,2407200,Sedang,Surat Klarifikasi & Permintaan Pemutakhiran Data,Setuju Rekomendasi: Surat Klarifikasi & Permintaan Pemutakhiran Data,"Dewi Lestari, S.E., M.M. (Pemeriksa Madya)",Kooperatif - Memperbaiki Data & Mendaftarkan Seluruh Pekerja,Tuntas - Patuh Kembali Penuh,18,2286840,Kasus Baru Pertama,2025-09-01,2025-11-01,3,Sesuai Rekomendasi Sistem,0,1,95.0
CAS-2025-0064,BU-0116,PT Sejahtera Hospitality,KC Surabaya,2025-05,2025-07,PDS Tenaga Kerja,3,1128150,Sedang,Surat Klarifikasi & Permintaan Pemutakhiran Data,Setuju Rekomendasi: Surat Klarifikasi & Permintaan Pemutakhiran Data,"Indah Permata, S.E. (Pemeriksa Pertama)",Kooperatif - Memperbaiki Data & Mendaftarkan Seluruh Pekerja,Tuntas - Patuh Kembali Penuh,27,1071742,Kasus Baru Pertama,2025-05-01,2025-07-01,3,Sesuai Rekomendasi Sistem,0,1,95.0
CAS-2025-0065,BU-0117,PT Nusantara Distribusindo,KC Bandung,2025-03,2025-05,PDS Tenaga Kerja,3,5252100,Sedang,Surat Klarifikasi & Permintaan Pemutakhiran Data,Setuju Rekomendasi: Surat Klarifikasi & Permintaan Pemutakhiran Data,"Indah Permata, S.E. (Pemeriksa Pertama)",Kooperatif - Memperbaiki Data & Mendaftarkan Seluruh Pekerja,Tuntas - Patuh Kembali Penuh,31,4989495,Kasus Baru Pertama,2025-03-01,2025-05-01,3,Sesuai Rekomendasi Sistem,0,1,95.0
CAS-2025-0066,BU-0118,CV Nusantara Agro Makmur,KC Pekanbaru,2025-06,2025-08,PDS Tenaga Kerja,3,4722300,Sedang,Surat Klarifikasi & Permintaan Pemutakhiran Data,Setuju Rekomendasi: Surat Klarifikasi & Permintaan Pemutakhiran Data,"Budi Santoso, S.E. (Pemeriksa Madya)",Kooperatif - Memperbaiki Data & Mendaftarkan Seluruh Pekerja,Tuntas - Patuh Kembali Penuh,17,4486185,Kasus Baru Pertama,2025-06-01,2025-08-01,3,Sesuai Rekomendasi Sistem,0,1,95.0
CAS-2025-0067,BU-0119,PT Mega Teknologi,KC Jakarta Pusat,2025-08,2025-10,PDS Tenaga Kerja,3,2074800,Sedang,Surat Klarifikasi & Permintaan Pemutakhiran Data,Setuju Rekomendasi: Surat Klarifikasi & Permintaan Pemutakhiran Data,"Dian Sastrowardoyo, S.H. (Pemeriksa Muda)",Kooperatif - Memperbaiki Data & Mendaftarkan Seluruh Pekerja,Tuntas - Patuh Kembali Penuh,39,1971060,Kasus Baru Pertama,2025-08-01,2025-10-01,3,Sesuai Rekomendasi Sistem,0,1,95.0
CAS-2025-0068,BU-0120,CV Tri Konstruksi,KC Surabaya,2025-03,2025-05,PDS Kombinasi,3,106655850,Tinggi,Surat Teguran Tertulis I & Jadwal Audit Wasrik Lapangan,Penyesuaian: Beri Dispensasi Cicilan Tunggakan (Restrukturisasi),"Siti Rahmawati, S.H. (Pemeriksa Muda)",Pasif / Menolak - Diberikan Teguran Keras & Diusulkan Sanksi TMP2T,Eskalasi Hukum - SKK Kejaksaan Negeri (Datun),86,17775975,Kasus Baru Pertama,2025-03-01,2025-05-01,4,Diskresi / Penyesuaian Petugas,0,0,16.67
CAS-2025-0069,BU-0121,CV Tri Garda Utama,KC Bandung,2025-07,2025-09,PDS Tenaga Kerja,3,4026000,Sedang,Surat Klarifikasi & Permintaan Pemutakhiran Data,Setuju Rekomendasi: Surat Klarifikasi & Permintaan Pemutakhiran Data,"Eko Prasetyo, S.H. (Pemeriksa Madya)",Kooperatif - Memperbaiki Data & Mendaftarkan Seluruh Pekerja,Tuntas - Patuh Kembali Penuh,22,3824700,Kasus Baru Pertama,2025-07-01,2025-09-01,3,Sesuai Rekomendasi Sistem,0,1,95.0
CAS-2025-0070,BU-0122,CV Sentosa Konstruksi,KC Surabaya,2025-04,2025-06,PDS Kombinasi,3,12578400,Tinggi,Surat Teguran Tertulis I & Jadwal Audit Wasrik Lapangan,Setuju Rekomendasi: Surat Teguran Tertulis I & Jadwal Audit Wasrik Lapangan,"Agus Hermawan, S.Kom. (Analis Wasrik)",Pasif / Menolak - Diberikan Teguran Keras & Diusulkan Sanksi TMP2T,Eskalasi Hukum - SKK Kejaksaan Negeri (Datun),78,2096400,Kasus Baru Pertama,2025-04-01,2025-06-01,4,Sesuai Rekomendasi Sistem,0,0,16.67
CAS-2025-0071,BU-0123,PT Wijaya Agro Makmur,KC Makassar,2025-06,2025-08,PDS Kombinasi,3,22369200,Tinggi,Surat Teguran Tertulis I & Jadwal Audit Wasrik Lapangan,Setuju Rekomendasi: Surat Teguran Tertulis I & Jadwal Audit Wasrik Lapangan,"Rian Hidayat, S.H. (Pemeriksa Pertama)",Pasif / Menolak - Diberikan Teguran Keras & Diusulkan Sanksi TMP2T,Eskalasi Hukum - SKK Kejaksaan Negeri (Datun),110,3728200,Kasus Baru Pertama,2025-06-01,2025-08-01,4,Sesuai Rekomendasi Sistem,0,0,16.67
CAS-2025-0072,BU-0125,Koperasi Bina Agro Makmur,KC Jakarta Pusat,2025-04,2025-06,PDS Upah,3,816900,Sedang,Surat Klarifikasi & Permintaan Pemutakhiran Data,Setuju Rekomendasi: Surat Klarifikasi & Permintaan Pemutakhiran Data,"Eko Prasetyo, S.H. (Pemeriksa Madya)",Kooperatif - Memperbaiki Data & Mendaftarkan Seluruh Pekerja,Tuntas - Patuh Kembali Penuh,33,776055,Kasus Baru Pertama,2025-04-01,2025-06-01,3,Sesuai Rekomendasi Sistem,0,1,95.0
CAS-2025-0073,BU-0126,Koperasi Mega Konstruksi,KC Bandung,2025-07,2025-09,Tunggakan Iuran,3,1345950,Tinggi,Surat Teguran Tertulis I & Jadwal Audit Wasrik Lapangan,Setuju Rekomendasi: Surat Teguran Tertulis I & Jadwal Audit Wasrik Lapangan,"Siti Rahmawati, S.H. (Pemeriksa Muda)",Kooperatif - Menandatangani Komitmen Pembayaran Bertahap,Tuntas - Restrukturisasi Iuran Disetujui,59,381352,Kasus Baru Pertama,2025-07-01,2025-09-01,4,Sesuai Rekomendasi Sistem,0,1,28.33
CAS-2025-0074,BU-0128,PT Daya Lintas Samudera,KC Semarang,2025-08,2025-10,PDS Tenaga Kerja,3,79800450,Sedang,Surat Klarifikasi & Permintaan Pemutakhiran Data,Setuju Rekomendasi: Surat Klarifikasi & Permintaan Pemutakhiran Data,"Nurul Hasanah, S.Ak. (Analis Kepatuhan)",Kooperatif - Memperbaiki Data & Mendaftarkan Seluruh Pekerja,Tuntas - Patuh Kembali Penuh,15,75810428,Kasus Baru Pertama,2025-08-01,2025-10-01,3,Sesuai Rekomendasi Sistem,0,1,95.0
CAS-2025-0075,BU-0129,PT Sinar Konstruksi,KC Semarang,2025-04,2025-06,Tunggakan Iuran,3,12671550,Tinggi,Surat Teguran Tertulis I & Jadwal Audit Wasrik Lapangan,Setuju Rekomendasi: Surat Teguran Tertulis I & Jadwal Audit Wasrik Lapangan,"Fajar Ramadhan, S.ST. (Analis Wasrik)",Kooperatif - Menandatangani Komitmen Pembayaran Bertahap,Tuntas - Restrukturisasi Iuran Disetujui,42,3590272,Kasus Baru Pertama,2025-04-01,2025-06-01,4,Sesuai Rekomendasi Sistem,0,1,28.33
CAS-2025-0076,BU-0130,PT Inti Perkasa,KC Jakarta Pusat,2025-08,2025-10,PDS Upah,3,18354600,Sedang,Surat Klarifikasi & Permintaan Pemutakhiran Data,Setuju Rekomendasi: Surat Klarifikasi & Permintaan Pemutakhiran Data,"Indah Permata, S.E. (Pemeriksa Pertama)",Kooperatif - Memperbaiki Data & Mendaftarkan Seluruh Pekerja,Tuntas - Patuh Kembali Penuh,21,17436870,Kasus Baru Pertama,2025-08-01,2025-10-01,3,Sesuai Rekomendasi Sistem,0,1,95.0
CAS-2025-0077,BU-0135,CV Mandiri Multi Karya,KC Tangerang,2025-07,2025-09,Tunggakan Iuran,3,8922450,Tinggi,Surat Teguran Tertulis I & Jadwal Audit Wasrik Lapangan,Setuju Rekomendasi: Surat Teguran Tertulis I & Jadwal Audit Wasrik Lapangan,"Rian Hidayat, S.H. (Pemeriksa Pertama)",Kooperatif - Menandatangani Komitmen Pembayaran Bertahap,Tuntas - Restrukturisasi Iuran Disetujui,32,2528028,Kasus Baru Pertama,2025-07-01,2025-09-01,4,Sesuai Rekomendasi Sistem,0,1,28.33
CAS-2025-0078,BU-0138,PT Cipta Tekstil,KC Makassar,2025-08,2025-10,PDS Kombinasi,3,89258400,Tinggi,Surat Teguran Tertulis I & Jadwal Audit Wasrik Lapangan,Setuju Rekomendasi: Surat Teguran Tertulis I & Jadwal Audit Wasrik Lapangan,"Agus Hermawan, S.Kom. (Analis Wasrik)",Pasif / Menolak - Diberikan Teguran Keras & Diusulkan Sanksi TMP2T,Eskalasi Hukum - SKK Kejaksaan Negeri (Datun),88,14876400,Kasus Baru Pertama,2025-08-01,2025-10-01,4,Sesuai Rekomendasi Sistem,0,0,16.67
CAS-2025-0079,BU-0140,Yayasan Tri Duta Abadi,KC Bandung,2025-03,2025-05,PDS Tenaga Kerja,3,25482000,Sedang,Surat Klarifikasi & Permintaan Pemutakhiran Data,Setuju Rekomendasi: Surat Klarifikasi & Permintaan Pemutakhiran Data,"Indah Permata, S.E. (Pemeriksa Pertama)",Kooperatif - Memperbaiki Data & Mendaftarkan Seluruh Pekerja,Tuntas - Patuh Kembali Penuh,25,24207900,Kasus Baru Pertama,2025-03-01,2025-05-01,3,Sesuai Rekomendasi Sistem,0,1,95.0
CAS-2025-0080,BU-0141,PT Bumi Konstruksi,KC Medan,2025-08,2025-10,PDS Upah,3,512400,Sedang,Surat Klarifikasi & Permintaan Pemutakhiran Data,Setuju Rekomendasi: Surat Klarifikasi & Permintaan Pemutakhiran Data,"Eko Prasetyo, S.H. (Pemeriksa Madya)",Kooperatif - Memperbaiki Data & Mendaftarkan Seluruh Pekerja,Tuntas - Patuh Kembali Penuh,15,486780,Kasus Baru Pertama,2025-08-01,2025-10-01,3,Sesuai Rekomendasi Sistem,0,1,95.0
CAS-2025-0081,BU-0143,Koperasi Sumber Plastindo,KC Tangerang,2025-04,2025-06,Tunggakan Iuran,3,9014550,Tinggi,Surat Teguran Tertulis I & Jadwal Audit Wasrik Lapangan,Setuju Rekomendasi: Surat Teguran Tertulis I & Jadwal Audit Wasrik Lapangan,"Fajar Ramadhan, S.ST. (Analis Wasrik)",Kooperatif - Menandatangani Komitmen Pembayaran Bertahap,Tuntas - Restrukturisasi Iuran Disetujui,41,2554122,Kasus Baru Pertama,2025-04-01,2025-06-01,4,Sesuai Rekomendasi Sistem,0,1,28.33
CAS-2025-0082,BU-0149,CV Surya Ritel Modern,KC Medan,2025-08,2025-10,PDS Kombinasi,3,176510700,Tinggi,Surat Teguran Tertulis I & Jadwal Audit Wasrik Lapangan,Setuju Rekomendasi: Surat Teguran Tertulis I & Jadwal Audit Wasrik Lapangan,"Rian Hidayat, S.H. (Pemeriksa Pertama)",Pasif / Menolak - Diberikan Teguran Keras & Diusulkan Sanksi TMP2T,Eskalasi Hukum - SKK Kejaksaan Negeri (Datun),60,29418450,Kasus Baru Pertama,2025-08-01,2025-10-01,4,Sesuai Rekomendasi Sistem,0,0,16.67
CAS-2025-0083,BU-0151,PT Inti Agro Makmur,KC Medan,2025-03,2025-05,PDS Tenaga Kerja,3,3047250,Sedang,Surat Klarifikasi & Permintaan Pemutakhiran Data,Setuju Rekomendasi: Surat Klarifikasi & Permintaan Pemutakhiran Data,"Agus Hermawan, S.Kom. (Analis Wasrik)",Kooperatif - Memperbaiki Data & Mendaftarkan Seluruh Pekerja,Tuntas - Patuh Kembali Penuh,41,2894888,Kasus Baru Pertama,2025-03-01,2025-05-01,3,Sesuai Rekomendasi Sistem,0,1,95.0
CAS-2025-0084,BU-0155,CV Sumber Farmasi Medika,KC Semarang,2025-03,2025-05,PDS Tenaga Kerja,3,212539950,Sedang,Surat Klarifikasi & Permintaan Pemutakhiran Data,Setuju Rekomendasi: Surat Klarifikasi & Permintaan Pemutakhiran Data,"Dewi Lestari, S.E., M.M. (Pemeriksa Madya)",Kooperatif - Memperbaiki Data & Mendaftarkan Seluruh Pekerja,Tuntas - Patuh Kembali Penuh,31,201912952,Kasus Baru Pertama,2025-03-01,2025-05-01,3,Sesuai Rekomendasi Sistem,0,1,95.0
CAS-2025-0085,BU-0157,Yayasan Tri Farmasi Medika,KC Bandung,2025-04,2025-06,PDS Tenaga Kerja,3,1454850,Sedang,Surat Klarifikasi & Permintaan Pemutakhiran Data,Penyesuaian: Beri Dispensasi Cicilan Tunggakan (Restrukturisasi),"Fajar Ramadhan, S.ST. (Analis Wasrik)",Kooperatif - Memperbaiki Data & Mendaftarkan Seluruh Pekerja,Tuntas - Patuh Kembali Penuh,15,1382108,Kasus Baru Pertama,2025-04-01,2025-06-01,3,Diskresi / Penyesuaian Petugas,0,1,95.0
CAS-2026-0086,BU-0157,Yayasan Tri Farmasi Medika,KC Bandung,2026-05,2026-07,PDS Tenaga Kerja,3,1547550,Kritis,Pemeriksaan Lapangan Khusus (Audit Investigasi Pelanggaran Berulang),Setuju Rekomendasi: Audit Lapangan & Usulan Sanksi TMP2T (Residivis),"Agus Hermawan, S.Kom. (Analis Wasrik)",Kooperatif Setelah Diberi Peringatan Keras Wasrik & Disnaker,Tuntas - Pemutakhiran Data Wajib dengan Pengawasan Berkala,36,1516599,Residivis (Masalah Berulang),2026-05-01,2026-07-01,5,Sesuai Rekomendasi Sistem,1,1,98.0
CAS-2025-0087,BU-0159,PT Makmur Sarana Jaya,KC Surabaya,2025-04,2025-06,PDS Tenaga Kerja,3,387750,Sedang,Surat Klarifikasi & Permintaan Pemutakhiran Data,Eskalasi Cepat: Langsung Pemeriksaan Gabungan Bersama Disnaker,"Dewi Lestari, S.E., M.M. (Pemeriksa Madya)",Kooperatif - Memperbaiki Data & Mendaftarkan Seluruh Pekerja,Tuntas - Patuh Kembali Penuh,27,368362,Kasus Baru Pertama,2025-04-01,2025-06-01,3,Diskresi / Penyesuaian Petugas,0,1,95.0
CAS-2026-0088,BU-0159,PT Makmur Sarana Jaya,KC Surabaya,2026-05,2026-07,PDS Tenaga Kerja,3,1242900,Kritis,Pemeriksaan Lapangan Khusus (Audit Investigasi Pelanggaran Berulang),Setuju Rekomendasi: Audit Lapangan & Usulan Sanksi TMP2T (Residivis),"Nurul Hasanah, S.Ak. (Analis Kepatuhan)",Kooperatif Setelah Diberi Peringatan Keras Wasrik & Disnaker,Tuntas - Pemutakhiran Data Wajib dengan Pengawasan Berkala,40,1218042,Residivis (Masalah Berulang),2026-05-01,2026-07-01,5,Sesuai Rekomendasi Sistem,1,1,98.0
CAS-2025-0089,BU-0160,PT Prima Lintas Samudera,KC Surabaya,2025-04,2025-06,PDS Tenaga Kerja,3,7188450,Sedang,Surat Klarifikasi & Permintaan Pemutakhiran Data,Setuju Rekomendasi: Surat Klarifikasi & Permintaan Pemutakhiran Data,"Rian Hidayat, S.H. (Pemeriksa Pertama)",Kooperatif - Memperbaiki Data & Mendaftarkan Seluruh Pekerja,Tuntas - Patuh Kembali Penuh,15,6829028,Kasus Baru Pertama,2025-04-01,2025-06-01,3,Sesuai Rekomendasi Sistem,0,1,95.0
CAS-2026-0090,BU-0160,PT Prima Lintas Samudera,KC Surabaya,2026-05,2026-07,PDS Tenaga Kerja,3,6657750,Kritis,Pemeriksaan Lapangan Khusus (Audit Investigasi Pelanggaran Berulang),Setuju Rekomendasi: Audit Lapangan & Usulan Sanksi TMP2T (Residivis),"Dewi Lestari, S.E., M.M. (Pemeriksa Madya)",Kooperatif Setelah Diberi Peringatan Keras Wasrik & Disnaker,Tuntas - Pemutakhiran Data Wajib dengan Pengawasan Berkala,33,6524595,Residivis (Masalah Berulang),2026-05-01,2026-07-01,5,Sesuai Rekomendasi Sistem,1,1,98.0
CAS-2025-0091,BU-0161,PT Harapan Garda Utama,KC Surabaya,2025-05,2025-07,PDS Upah,3,2104500,Sedang,Surat Klarifikasi & Permintaan Pemutakhiran Data,Setuju Rekomendasi: Surat Klarifikasi & Permintaan Pemutakhiran Data,"Agus Hermawan, S.Kom. (Analis Wasrik)",Kooperatif - Memperbaiki Data & Mendaftarkan Seluruh Pekerja,Tuntas - Patuh Kembali Penuh,25,1999275,Kasus Baru Pertama,2025-05-01,2025-07-01,3,Sesuai Rekomendasi Sistem,0,1,95.0
CAS-2025-0092,BU-0162,Koperasi Bumi Hospitality,KC Surabaya,2025-08,2025-10,PDS Tenaga Kerja,3,133022700,Sedang,Surat Klarifikasi & Permintaan Pemutakhiran Data,Setuju Rekomendasi: Surat Klarifikasi & Permintaan Pemutakhiran Data,"Budi Santoso, S.E. (Pemeriksa Madya)",Kooperatif - Memperbaiki Data & Mendaftarkan Seluruh Pekerja,Tuntas - Patuh Kembali Penuh,19,126371565,Kasus Baru Pertama,2025-08-01,2025-10-01,3,Sesuai Rekomendasi Sistem,0,1,95.0
CAS-2025-0093,BU-0166,PT Wijaya Tekstil,KC Bandung,2025-06,2025-08,PDS Tenaga Kerja,3,990900,Sedang,Surat Klarifikasi & Permintaan Pemutakhiran Data,Setuju Rekomendasi: Surat Klarifikasi & Permintaan Pemutakhiran Data,"Eko Prasetyo, S.H. (Pemeriksa Madya)",Kooperatif - Memperbaiki Data & Mendaftarkan Seluruh Pekerja,Tuntas - Patuh Kembali Penuh,45,941355,Kasus Baru Pertama,2025-06-01,2025-08-01,3,Sesuai Rekomendasi Sistem,0,1,95.0
CAS-2025-0094,BU-0167,CV Harapan Distribusindo,KC Denpasar,2025-04,2025-06,PDS Tenaga Kerja,3,35937000,Sedang,Surat Klarifikasi & Permintaan Pemutakhiran Data,Setuju Rekomendasi: Surat Klarifikasi & Permintaan Pemutakhiran Data,"Rian Hidayat, S.H. (Pemeriksa Pertama)",Kooperatif - Memperbaiki Data & Mendaftarkan Seluruh Pekerja,Tuntas - Patuh Kembali Penuh,40,34140150,Kasus Baru Pertama,2025-04-01,2025-06-01,3,Sesuai Rekomendasi Sistem,0,1,95.0
CAS-2026-0095,BU-0167,CV Harapan Distribusindo,KC Denpasar,2026-05,2026-07,PDS Tenaga Kerja,3,37560600,Kritis,Pemeriksaan Lapangan Khusus (Audit Investigasi Pelanggaran Berulang),Setuju Rekomendasi: Audit Lapangan & Usulan Sanksi TMP2T (Residivis),"Nurul Hasanah, S.Ak. (Analis Kepatuhan)",Kooperatif Setelah Diberi Peringatan Keras Wasrik & Disnaker,Tuntas - Pemutakhiran Data Wajib dengan Pengawasan Berkala,23,36809388,Residivis (Masalah Berulang),2026-05-01,2026-07-01,5,Sesuai Rekomendasi Sistem,1,1,98.0
CAS-2025-0096,BU-0170,Koperasi Sentosa Garda Utama,KC Medan,2025-06,2025-08,PDS Kombinasi,3,132773250,Tinggi,Surat Teguran Tertulis I & Jadwal Audit Wasrik Lapangan,Setuju Rekomendasi: Surat Teguran Tertulis I & Jadwal Audit Wasrik Lapangan,"Nurul Hasanah, S.Ak. (Analis Kepatuhan)",Pasif / Menolak - Diberikan Teguran Keras & Diusulkan Sanksi TMP2T,Eskalasi Hukum - SKK Kejaksaan Negeri (Datun),72,22128875,Kasus Baru Pertama,2025-06-01,2025-08-01,4,Sesuai Rekomendasi Sistem,0,0,16.67
CAS-2025-0097,BU-0173,CV Sejahtera Logistik,KC Bandung,2025-08,2025-10,Tunggakan Iuran,3,556340400,Tinggi,Surat Teguran Tertulis I & Jadwal Audit Wasrik Lapangan,Setuju Rekomendasi: Surat Teguran Tertulis I & Jadwal Audit Wasrik Lapangan,"Rian Hidayat, S.H. (Pemeriksa Pertama)",Kooperatif - Menandatangani Komitmen Pembayaran Bertahap,Tuntas - Restrukturisasi Iuran Disetujui,57,157629780,Kasus Baru Pertama,2025-08-01,2025-10-01,4,Sesuai Rekomendasi Sistem,0,1,28.33
CAS-2025-0098,BU-0174,PT Sumber Pangan,KC Jakarta Pusat,2025-03,2025-05,PDS Tenaga Kerja,3,6067950,Sedang,Surat Klarifikasi & Permintaan Pemutakhiran Data,Penyesuaian: Beri Dispensasi Cicilan Tunggakan (Restrukturisasi),"Agus Hermawan, S.Kom. (Analis Wasrik)",Kooperatif - Memperbaiki Data & Mendaftarkan Seluruh Pekerja,Tuntas - Patuh Kembali Penuh,24,5764552,Kasus Baru Pertama,2025-03-01,2025-05-01,3,Diskresi / Penyesuaian Petugas,0,1,95.0
CAS-2025-0099,BU-0175,CV Bina Solusindo,KC Makassar,2025-06,2025-08,Tunggakan Iuran,3,143406300,Tinggi,Surat Teguran Tertulis I & Jadwal Audit Wasrik Lapangan,Setuju Rekomendasi: Surat Teguran Tertulis I & Jadwal Audit Wasrik Lapangan,"Eko Prasetyo, S.H. (Pemeriksa Madya)",Kooperatif - Menandatangani Komitmen Pembayaran Bertahap,Tuntas - Restrukturisasi Iuran Disetujui,38,40631785,Kasus Baru Pertama,2025-06-01,2025-08-01,4,Sesuai Rekomendasi Sistem,0,1,28.33
CAS-2025-0100,BU-0177,PT Daya Sarana Jaya,KC Jakarta Pusat,2025-07,2025-09,Tunggakan Iuran,3,145321800,Tinggi,Surat Teguran Tertulis I & Jadwal Audit Wasrik Lapangan,Setuju Rekomendasi: Surat Teguran Tertulis I & Jadwal Audit Wasrik Lapangan,"Budi Santoso, S.E. (Pemeriksa Madya)",Kooperatif - Menandatangani Komitmen Pembayaran Bertahap,Tuntas - Restrukturisasi Iuran Disetujui,30,41174510,Kasus Baru Pertama,2025-07-01,2025-09-01,4,Sesuai Rekomendasi Sistem,0,1,28.33
CAS-2025-0101,BU-0178,CV Daya Perkasa,KC Denpasar,2025-04,2025-06,PDS Tenaga Kerja,3,24462000,Sedang,Surat Klarifikasi & Permintaan Pemutakhiran Data,Eskalasi Cepat: Langsung Pemeriksaan Gabungan Bersama Disnaker,"Nurul Hasanah, S.Ak. (Analis Kepatuhan)",Kooperatif - Memperbaiki Data & Mendaftarkan Seluruh Pekerja,Tuntas - Patuh Kembali Penuh,33,23238900,Kasus Baru Pertama,2025-04-01,2025-06-01,3,Diskresi / Penyesuaian Petugas,0,1,95.0
CAS-2026-0102,BU-0178,CV Daya Perkasa,KC Denpasar,2026-05,2026-07,PDS Tenaga Kerja,3,27556800,Kritis,Pemeriksaan Lapangan Khusus (Audit Investigasi Pelanggaran Berulang),Setuju Rekomendasi: Audit Lapangan & Usulan Sanksi TMP2T (Residivis),"Budi Santoso, S.E. (Pemeriksa Madya)",Kooperatif Setelah Diberi Peringatan Keras Wasrik & Disnaker,Tuntas - Pemutakhiran Data Wajib dengan Pengawasan Berkala,39,27005664,Residivis (Masalah Berulang),2026-05-01,2026-07-01,5,Sesuai Rekomendasi Sistem,1,1,98.0
CAS-2025-0103,BU-0179,PT Cipta Farmasi Medika,KC Medan,2025-04,2025-06,PDS Kombinasi,3,137400000,Tinggi,Surat Teguran Tertulis I & Jadwal Audit Wasrik Lapangan,Setuju Rekomendasi: Surat Teguran Tertulis I & Jadwal Audit Wasrik Lapangan,"Nurul Hasanah, S.Ak. (Analis Kepatuhan)",Pasif / Menolak - Diberikan Teguran Keras & Diusulkan Sanksi TMP2T,Eskalasi Hukum - SKK Kejaksaan Negeri (Datun),117,22900000,Kasus Baru Pertama,2025-04-01,2025-06-01,4,Sesuai Rekomendasi Sistem,0,0,16.67
CAS-2025-0104,BU-0181,PT Bumi Solusindo,KC Makassar,2025-05,2025-07,PDS Tenaga Kerja,3,3373800,Sedang,Surat Klarifikasi & Permintaan Pemutakhiran Data,Setuju Rekomendasi: Surat Klarifikasi & Permintaan Pemutakhiran Data,"Eko Prasetyo, S.H. (Pemeriksa Madya)",Kooperatif - Memperbaiki Data & Mendaftarkan Seluruh Pekerja,Tuntas - Patuh Kembali Penuh,36,3205110,Kasus Baru Pertama,2025-05-01,2025-07-01,3,Sesuai Rekomendasi Sistem,0,1,95.0
CAS-2025-0105,BU-0182,Koperasi Karya Plastindo,KC Semarang,2025-07,2025-09,PDS Tenaga Kerja,3,4956600,Sedang,Surat Klarifikasi & Permintaan Pemutakhiran Data,Penyesuaian: Beri Dispensasi Cicilan Tunggakan (Restrukturisasi),"Rian Hidayat, S.H. (Pemeriksa Pertama)",Kooperatif - Memperbaiki Data & Mendaftarkan Seluruh Pekerja,Tuntas - Patuh Kembali Penuh,27,4708770,Kasus Baru Pertama,2025-07-01,2025-09-01,3,Diskresi / Penyesuaian Petugas,0,1,95.0
CAS-2025-0106,BU-0183,PT Mitra Distribusindo,KC Jakarta Pusat,2025-05,2025-07,PDS Tenaga Kerja,3,9774000,Sedang,Surat Klarifikasi & Permintaan Pemutakhiran Data,Setuju Rekomendasi: Surat Klarifikasi & Permintaan Pemutakhiran Data,"Budi Santoso, S.E. (Pemeriksa Madya)",Kooperatif - Memperbaiki Data & Mendaftarkan Seluruh Pekerja,Tuntas - Patuh Kembali Penuh,23,9285300,Kasus Baru Pertama,2025-05-01,2025-07-01,3,Sesuai Rekomendasi Sistem,0,1,95.0
CAS-2025-0107,BU-0184,Yayasan Garuda Multi Karya,KC Medan,2025-04,2025-06,PDS Tenaga Kerja,3,60867450,Sedang,Surat Klarifikasi & Permintaan Pemutakhiran Data,Setuju Rekomendasi: Surat Klarifikasi & Permintaan Pemutakhiran Data,"Dian Sastrowardoyo, S.H. (Pemeriksa Muda)",Kooperatif - Memperbaiki Data & Mendaftarkan Seluruh Pekerja,Tuntas - Patuh Kembali Penuh,30,57824078,Kasus Baru Pertama,2025-04-01,2025-06-01,3,Sesuai Rekomendasi Sistem,0,1,95.0
CAS-2025-0108,BU-0185,Yayasan Adhi Ritel Modern,KC Surabaya,2025-04,2025-06,PDS Tenaga Kerja,3,68377950,Sedang,Surat Klarifikasi & Permintaan Pemutakhiran Data,Setuju Rekomendasi: Surat Klarifikasi & Permintaan Pemutakhiran Data,"Budi Santoso, S.E. (Pemeriksa Madya)",Kooperatif - Memperbaiki Data & Mendaftarkan Seluruh Pekerja,Tuntas - Patuh Kembali Penuh,23,64959052,Kasus Baru Pertama,2025-04-01,2025-06-01,3,Sesuai Rekomendasi Sistem,0,1,95.0
CAS-2025-0109,BU-0187,PT Daya Hospitality,KC Semarang,2025-07,2025-09,PDS Tenaga Kerja,3,22533600,Sedang,Surat Klarifikasi & Permintaan Pemutakhiran Data,Setuju Rekomendasi: Surat Klarifikasi & Permintaan Pemutakhiran Data,"Nurul Hasanah, S.Ak. (Analis Kepatuhan)",Kooperatif - Memperbaiki Data & Mendaftarkan Seluruh Pekerja,Tuntas - Patuh Kembali Penuh,19,21406920,Kasus Baru Pertama,2025-07-01,2025-09-01,3,Sesuai Rekomendasi Sistem,0,1,95.0
CAS-2025-0110,BU-0189,PT Sinar Katering Prima,KC Bandung,2025-06,2025-08,PDS Tenaga Kerja,3,4476600,Sedang,Surat Klarifikasi & Permintaan Pemutakhiran Data,Setuju Rekomendasi: Surat Klarifikasi & Permintaan Pemutakhiran Data,"Agus Hermawan, S.Kom. (Analis Wasrik)",Kooperatif - Memperbaiki Data & Mendaftarkan Seluruh Pekerja,Tuntas - Patuh Kembali Penuh,18,4252770,Kasus Baru Pertama,2025-06-01,2025-08-01,3,Sesuai Rekomendasi Sistem,0,1,95.0
CAS-2025-0111,BU-0190,CV Garuda Garda Utama,KC Tangerang,2025-07,2025-09,PDS Kombinasi,3,15795000,Tinggi,Surat Teguran Tertulis I & Jadwal Audit Wasrik Lapangan,Setuju Rekomendasi: Surat Teguran Tertulis I & Jadwal Audit Wasrik Lapangan,"Eko Prasetyo, S.H. (Pemeriksa Madya)",Pasif / Menolak - Diberikan Teguran Keras & Diusulkan Sanksi TMP2T,Eskalasi Hukum - SKK Kejaksaan Negeri (Datun),80,2632500,Kasus Baru Pertama,2025-07-01,2025-09-01,4,Sesuai Rekomendasi Sistem,0,0,16.67
CAS-2025-0112,BU-0191,PT Garuda Multi Karya,KC Tangerang,2025-03,2025-05,PDS Upah,3,1291500,Sedang,Surat Klarifikasi & Permintaan Pemutakhiran Data,Eskalasi Cepat: Langsung Pemeriksaan Gabungan Bersama Disnaker,"Budi Santoso, S.E. (Pemeriksa Madya)",Kooperatif - Memperbaiki Data & Mendaftarkan Seluruh Pekerja,Tuntas - Patuh Kembali Penuh,40,1226925,Kasus Baru Pertama,2025-03-01,2025-05-01,3,Diskresi / Penyesuaian Petugas,0,1,95.0
CAS-2025-0113,BU-0192,CV Cipta Multi Karya,KC Surabaya,2025-06,2025-08,Tunggakan Iuran,3,604139250,Tinggi,Surat Teguran Tertulis I & Jadwal Audit Wasrik Lapangan,Setuju Rekomendasi: Surat Teguran Tertulis I & Jadwal Audit Wasrik Lapangan,"Nurul Hasanah, S.Ak. (Analis Kepatuhan)",Kooperatif - Menandatangani Komitmen Pembayaran Bertahap,Tuntas - Restrukturisasi Iuran Disetujui,47,171172788,Kasus Baru Pertama,2025-06-01,2025-08-01,4,Sesuai Rekomendasi Sistem,0,1,28.33
CAS-2025-0114,BU-0193,CV Bumi Perkasa,KC Jakarta Pusat,2025-09,2025-11,PDS Kombinasi,3,17215050,Tinggi,Surat Teguran Tertulis I & Jadwal Audit Wasrik Lapangan,Setuju Rekomendasi: Surat Teguran Tertulis I & Jadwal Audit Wasrik Lapangan,"Budi Santoso, S.E. (Pemeriksa Madya)",Pasif / Menolak - Diberikan Teguran Keras & Diusulkan Sanksi TMP2T,Eskalasi Hukum - SKK Kejaksaan Negeri (Datun),120,2869175,Kasus Baru Pertama,2025-09-01,2025-11-01,4,Sesuai Rekomendasi Sistem,0,0,16.67
CAS-2025-0115,BU-0207,Koperasi Karya Hospitality,KC Medan,2025-04,2025-06,PDS Upah,3,2457000,Sedang,Surat Klarifikasi & Permintaan Pemutakhiran Data,Setuju Rekomendasi: Surat Klarifikasi & Permintaan Pemutakhiran Data,"Rian Hidayat, S.H. (Pemeriksa Pertama)",Kooperatif - Memperbaiki Data & Mendaftarkan Seluruh Pekerja,Tuntas - Patuh Kembali Penuh,14,2334150,Kasus Baru Pertama,2025-04-01,2025-06-01,3,Sesuai Rekomendasi Sistem,0,1,95.0
CAS-2025-0116,BU-0211,CV Bina Konstruksi,KC Semarang,2025-09,2025-11,Tunggakan Iuran,3,5161200,Tinggi,Surat Teguran Tertulis I & Jadwal Audit Wasrik Lapangan,Setuju Rekomendasi: Surat Teguran Tertulis I & Jadwal Audit Wasrik Lapangan,"Dewi Lestari, S.E., M.M. (Pemeriksa Madya)",Kooperatif - Menandatangani Komitmen Pembayaran Bertahap,Tuntas - Restrukturisasi Iuran Disetujui,58,1462340,Kasus Baru Pertama,2025-09-01,2025-11-01,4,Sesuai Rekomendasi Sistem,0,1,28.33
CAS-2025-0117,BU-0216,CV Mitra Sarana Jaya,KC Balikpapan,2025-03,2025-05,PDS Tenaga Kerja,3,42101100,Sedang,Surat Klarifikasi & Permintaan Pemutakhiran Data,Setuju Rekomendasi: Surat Klarifikasi & Permintaan Pemutakhiran Data,"Fajar Ramadhan, S.ST. (Analis Wasrik)",Kooperatif - Memperbaiki Data & Mendaftarkan Seluruh Pekerja,Tuntas - Patuh Kembali Penuh,38,39996045,Kasus Baru Pertama,2025-03-01,2025-05-01,3,Sesuai Rekomendasi Sistem,0,1,95.0
CAS-2025-0118,BU-0218,Yayasan Bina Teknologi,KC Surabaya,2025-07,2025-09,PDS Tenaga Kerja,3,20092500,Sedang,Surat Klarifikasi & Permintaan Pemutakhiran Data,Setuju Rekomendasi: Surat Klarifikasi & Permintaan Pemutakhiran Data,"Nurul Hasanah, S.Ak. (Analis Kepatuhan)",Kooperatif - Memperbaiki Data & Mendaftarkan Seluruh Pekerja,Tuntas - Patuh Kembali Penuh,32,19087875,Kasus Baru Pertama,2025-07-01,2025-09-01,3,Sesuai Rekomendasi Sistem,0,1,95.0
CAS-2025-0119,BU-0220,CV Sejahtera Konstruksi,KC Bandung,2025-04,2025-06,PDS Tenaga Kerja,3,29385300,Sedang,Surat Klarifikasi & Permintaan Pemutakhiran Data,Setuju Rekomendasi: Surat Klarifikasi & Permintaan Pemutakhiran Data,"Eko Prasetyo, S.H. (Pemeriksa Madya)",Kooperatif - Memperbaiki Data & Mendaftarkan Seluruh Pekerja,Tuntas - Patuh Kembali Penuh,33,27916035,Kasus Baru Pertama,2025-04-01,2025-06-01,3,Sesuai Rekomendasi Sistem,0,1,95.0
CAS-2025-0120,BU-0221,CV Sejahtera Farmasi Medika,KC Bandung,2025-04,2025-06,PDS Tenaga Kerja,3,49027950,Sedang,Surat Klarifikasi & Permintaan Pemutakhiran Data,Setuju Rekomendasi: Surat Klarifikasi & Permintaan Pemutakhiran Data,"Budi Santoso, S.E. (Pemeriksa Madya)",Kooperatif - Memperbaiki Data & Mendaftarkan Seluruh Pekerja,Tuntas - Patuh Kembali Penuh,31,46576552,Kasus Baru Pertama,2025-04-01,2025-06-01,3,Sesuai Rekomendasi Sistem,0,1,95.0
CAS-2026-0121,BU-0221,CV Sejahtera Farmasi Medika,KC Bandung,2026-05,2026-07,PDS Tenaga Kerja,3,53399100,Kritis,Pemeriksaan Lapangan Khusus (Audit Investigasi Pelanggaran Berulang),Setuju Rekomendasi: Audit Lapangan & Usulan Sanksi TMP2T (Residivis),"Siti Rahmawati, S.H. (Pemeriksa Muda)",Kooperatif Setelah Diberi Peringatan Keras Wasrik & Disnaker,Tuntas - Pemutakhiran Data Wajib dengan Pengawasan Berkala,41,52331118,Residivis (Masalah Berulang),2026-05-01,2026-07-01,5,Sesuai Rekomendasi Sistem,1,1,98.0
CAS-2025-0122,BU-0225,Koperasi Cipta Sarana Jaya,KC Jakarta Pusat,2025-07,2025-09,PDS Tenaga Kerja,3,9726750,Sedang,Surat Klarifikasi & Permintaan Pemutakhiran Data,Setuju Rekomendasi: Surat Klarifikasi & Permintaan Pemutakhiran Data,"Eko Prasetyo, S.H. (Pemeriksa Madya)",Kooperatif - Memperbaiki Data & Mendaftarkan Seluruh Pekerja,Tuntas - Patuh Kembali Penuh,16,9240412,Kasus Baru Pertama,2025-07-01,2025-09-01,3,Sesuai Rekomendasi Sistem,0,1,95.0
CAS-2025-0123,BU-0227,Yayasan Harapan Distribusindo,KC Makassar,2025-09,2025-11,Tunggakan Iuran,3,90428250,Tinggi,Surat Teguran Tertulis I & Jadwal Audit Wasrik Lapangan,Setuju Rekomendasi: Surat Teguran Tertulis I & Jadwal Audit Wasrik Lapangan,"Indah Permata, S.E. (Pemeriksa Pertama)",Kooperatif - Menandatangani Komitmen Pembayaran Bertahap,Tuntas - Restrukturisasi Iuran Disetujui,54,25621338,Kasus Baru Pertama,2025-09-01,2025-11-01,4,Sesuai Rekomendasi Sistem,0,1,28.33
CAS-2025-0124,BU-0229,CV Mega Teknologi,KC Makassar,2025-08,2025-10,PDS Tenaga Kerja,3,65755800,Sedang,Surat Klarifikasi & Permintaan Pemutakhiran Data,Setuju Rekomendasi: Surat Klarifikasi & Permintaan Pemutakhiran Data,"Nurul Hasanah, S.Ak. (Analis Kepatuhan)",Kooperatif - Memperbaiki Data & Mendaftarkan Seluruh Pekerja,Tuntas - Patuh Kembali Penuh,31,62468010,Kasus Baru Pertama,2025-08-01,2025-10-01,3,Sesuai Rekomendasi Sistem,0,1,95.0
CAS-2025-0125,BU-0230,PT Mitra Ritel Modern,KC Bandung,2025-07,2025-09,PDS Upah,3,1528200,Sedang,Surat Klarifikasi & Permintaan Pemutakhiran Data,Setuju Rekomendasi: Surat Klarifikasi & Permintaan Pemutakhiran Data,"Siti Rahmawati, S.H. (Pemeriksa Muda)",Kooperatif - Memperbaiki Data & Mendaftarkan Seluruh Pekerja,Tuntas - Patuh Kembali Penuh,45,1451790,Kasus Baru Pertama,2025-07-01,2025-09-01,3,Sesuai Rekomendasi Sistem,0,1,95.0
CAS-2025-0126,BU-0233,Yayasan Garuda Lintas Samudera,KC Bandung,2025-05,2025-07,PDS Tenaga Kerja,3,1459200,Sedang,Surat Klarifikasi & Permintaan Pemutakhiran Data,Setuju Rekomendasi: Surat Klarifikasi & Permintaan Pemutakhiran Data,"Budi Santoso, S.E. (Pemeriksa Madya)",Kooperatif - Memperbaiki Data & Mendaftarkan Seluruh Pekerja,Tuntas - Patuh Kembali Penuh,45,1386240,Kasus Baru Pertama,2025-05-01,2025-07-01,3,Sesuai Rekomendasi Sistem,0,1,95.0
CAS-2025-0127,BU-0234,Yayasan Bumi Hospitality,KC Tangerang,2025-05,2025-07,PDS Tenaga Kerja,3,667200,Sedang,Surat Klarifikasi & Permintaan Pemutakhiran Data,Eskalasi Cepat: Langsung Pemeriksaan Gabungan Bersama Disnaker,"Eko Prasetyo, S.H. (Pemeriksa Madya)",Kooperatif - Memperbaiki Data & Mendaftarkan Seluruh Pekerja,Tuntas - Patuh Kembali Penuh,34,633840,Kasus Baru Pertama,2025-05-01,2025-07-01,3,Diskresi / Penyesuaian Petugas,0,1,95.0
CAS-2025-0128,BU-0237,PT Wijaya Pangan,KC Bandung,2025-09,2025-11,PDS Upah,3,10728000,Sedang,Surat Klarifikasi & Permintaan Pemutakhiran Data,Setuju Rekomendasi: Surat Klarifikasi & Permintaan Pemutakhiran Data,"Dewi Lestari, S.E., M.M. (Pemeriksa Madya)",Kooperatif - Memperbaiki Data & Mendaftarkan Seluruh Pekerja,Tuntas - Patuh Kembali Penuh,29,10191600,Kasus Baru Pertama,2025-09-01,2025-11-01,3,Sesuai Rekomendasi Sistem,0,1,95.0
CAS-2025-0129,BU-0239,Yayasan Prima Teknologi,KC Bandung,2025-03,2025-05,PDS Kombinasi,3,83803200,Tinggi,Surat Teguran Tertulis I & Jadwal Audit Wasrik Lapangan,Setuju Rekomendasi: Surat Teguran Tertulis I & Jadwal Audit Wasrik Lapangan,"Fajar Ramadhan, S.ST. (Analis Wasrik)",Pasif / Menolak - Diberikan Teguran Keras & Diusulkan Sanksi TMP2T,Eskalasi Hukum - SKK Kejaksaan Negeri (Datun),88,13967200,Kasus Baru Pertama,2025-03-01,2025-05-01,4,Sesuai Rekomendasi Sistem,0,0,16.67
CAS-2025-0130,BU-0242,CV Prima Perkasa,KC Semarang,2025-07,2025-09,PDS Tenaga Kerja,3,15611250,Sedang,Surat Klarifikasi & Permintaan Pemutakhiran Data,Setuju Rekomendasi: Surat Klarifikasi & Permintaan Pemutakhiran Data,"Eko Prasetyo, S.H. (Pemeriksa Madya)",Kooperatif - Memperbaiki Data & Mendaftarkan Seluruh Pekerja,Tuntas - Patuh Kembali Penuh,45,14830688,Kasus Baru Pertama,2025-07-01,2025-09-01,3,Sesuai Rekomendasi Sistem,0,1,95.0
CAS-2025-0131,BU-0243,CV Mitra Oto Perkasa,KC Jakarta Pusat,2025-06,2025-08,PDS Upah,3,2610162,Sedang,Surat Klarifikasi & Permintaan Pemutakhiran Data,Setuju Rekomendasi: Surat Klarifikasi & Permintaan Pemutakhiran Data,"Fajar Ramadhan, S.ST. (Analis Wasrik)",Kooperatif - Memperbaiki Data & Mendaftarkan Seluruh Pekerja,Tuntas - Patuh Kembali Penuh,44,2479654,Kasus Baru Pertama,2025-06-01,2025-08-01,3,Sesuai Rekomendasi Sistem,0,1,95.0
CAS-2025-0132,BU-0245,CV Adhi Distribusindo,KC Semarang,2025-07,2025-09,PDS Tenaga Kerja,3,3258900,Sedang,Surat Klarifikasi & Permintaan Pemutakhiran Data,Setuju Rekomendasi: Surat Klarifikasi & Permintaan Pemutakhiran Data,"Dewi Lestari, S.E., M.M. (Pemeriksa Madya)",Kooperatif - Memperbaiki Data & Mendaftarkan Seluruh Pekerja,Tuntas - Patuh Kembali Penuh,23,3095955,Kasus Baru Pertama,2025-07-01,2025-09-01,3,Sesuai Rekomendasi Sistem,0,1,95.0
CAS-2025-0133,BU-0248,PT Cipta Agro Makmur,KC Bandung,2025-07,2025-09,PDS Upah,3,590400,Sedang,Surat Klarifikasi & Permintaan Pemutakhiran Data,Setuju Rekomendasi: Surat Klarifikasi & Permintaan Pemutakhiran Data,"Fajar Ramadhan, S.ST. (Analis Wasrik)",Kooperatif - Memperbaiki Data & Mendaftarkan Seluruh Pekerja,Tuntas - Patuh Kembali Penuh,16,560880,Kasus Baru Pertama,2025-07-01,2025-09-01,3,Sesuai Rekomendasi Sistem,0,1,95.0
CAS-2025-0134,BU-0249,PT Sinar Solusindo,KC Bandung,2025-08,2025-10,Tunggakan Iuran,3,10922700,Tinggi,Surat Teguran Tertulis I & Jadwal Audit Wasrik Lapangan,Setuju Rekomendasi: Surat Teguran Tertulis I & Jadwal Audit Wasrik Lapangan,"Budi Santoso, S.E. (Pemeriksa Madya)",Kooperatif - Menandatangani Komitmen Pembayaran Bertahap,Tuntas - Restrukturisasi Iuran Disetujui,56,3094765,Kasus Baru Pertama,2025-08-01,2025-10-01,4,Sesuai Rekomendasi Sistem,0,1,28.33
CAS-2025-0135,BU-0250,PT Karya Perkasa,KC Surabaya,2025-06,2025-08,PDS Kombinasi,3,99958500,Tinggi,Surat Teguran Tertulis I & Jadwal Audit Wasrik Lapangan,Setuju Rekomendasi: Surat Teguran Tertulis I & Jadwal Audit Wasrik Lapangan,"Siti Rahmawati, S.H. (Pemeriksa Muda)",Pasif / Menolak - Diberikan Teguran Keras & Diusulkan Sanksi TMP2T,Eskalasi Hukum - SKK Kejaksaan Negeri (Datun),97,16659750,Kasus Baru Pertama,2025-06-01,2025-08-01,4,Sesuai Rekomendasi Sistem,0,0,16.67
CAS-2025-0136,BU-0251,Koperasi Harapan Solusindo,KC Jakarta Pusat,2025-03,2025-05,PDS Kombinasi,3,97760400,Tinggi,Surat Teguran Tertulis I & Jadwal Audit Wasrik Lapangan,Setuju Rekomendasi: Surat Teguran Tertulis I & Jadwal Audit Wasrik Lapangan,"Nurul Hasanah, S.Ak. (Analis Kepatuhan)",Pasif / Menolak - Diberikan Teguran Keras & Diusulkan Sanksi TMP2T,Eskalasi Hukum - SKK Kejaksaan Negeri (Datun),116,16293400,Kasus Baru Pertama,2025-03-01,2025-05-01,4,Sesuai Rekomendasi Sistem,0,0,16.67
CAS-2025-0137,BU-0253,PT Sumber Tekstil,KC Surabaya,2025-05,2025-07,PDS Tenaga Kerja,3,94996800,Sedang,Surat Klarifikasi & Permintaan Pemutakhiran Data,Setuju Rekomendasi: Surat Klarifikasi & Permintaan Pemutakhiran Data,"Agus Hermawan, S.Kom. (Analis Wasrik)",Kooperatif - Memperbaiki Data & Mendaftarkan Seluruh Pekerja,Tuntas - Patuh Kembali Penuh,27,90246960,Kasus Baru Pertama,2025-05-01,2025-07-01,3,Sesuai Rekomendasi Sistem,0,1,95.0
CAS-2025-0138,BU-0255,PT Mandiri Agro Makmur,KC Bandung,2025-06,2025-08,PDS Upah,3,97050,Sedang,Surat Klarifikasi & Permintaan Pemutakhiran Data,Setuju Rekomendasi: Surat Klarifikasi & Permintaan Pemutakhiran Data,"Eko Prasetyo, S.H. (Pemeriksa Madya)",Kooperatif - Memperbaiki Data & Mendaftarkan Seluruh Pekerja,Tuntas - Patuh Kembali Penuh,28,92198,Kasus Baru Pertama,2025-06-01,2025-08-01,3,Sesuai Rekomendasi Sistem,0,1,95.0
CAS-2025-0139,BU-0256,Yayasan Karya Teknologi,KC Surabaya,2025-09,2025-11,PDS Upah,3,26862000,Sedang,Surat Klarifikasi & Permintaan Pemutakhiran Data,Penyesuaian: Beri Dispensasi Cicilan Tunggakan (Restrukturisasi),"Dewi Lestari, S.E., M.M. (Pemeriksa Madya)",Kooperatif - Memperbaiki Data & Mendaftarkan Seluruh Pekerja,Tuntas - Patuh Kembali Penuh,33,25518900,Kasus Baru Pertama,2025-09-01,2025-11-01,3,Diskresi / Penyesuaian Petugas,0,1,95.0
CAS-2025-0140,BU-0257,Yayasan Sejahtera Oto Perkasa,KC Bandung,2025-06,2025-08,Tunggakan Iuran,3,1447800,Tinggi,Surat Teguran Tertulis I & Jadwal Audit Wasrik Lapangan,Setuju Rekomendasi: Surat Teguran Tertulis I & Jadwal Audit Wasrik Lapangan,"Dewi Lestari, S.E., M.M. (Pemeriksa Madya)",Kooperatif - Menandatangani Komitmen Pembayaran Bertahap,Tuntas - Restrukturisasi Iuran Disetujui,33,410210,Kasus Baru Pertama,2025-06-01,2025-08-01,4,Sesuai Rekomendasi Sistem,0,1,28.33
CAS-2025-0141,BU-0260,CV Harapan Teknologi,KC Semarang,2025-07,2025-09,PDS Upah,3,9147600,Sedang,Surat Klarifikasi & Permintaan Pemutakhiran Data,Setuju Rekomendasi: Surat Klarifikasi & Permintaan Pemutakhiran Data,"Eko Prasetyo, S.H. (Pemeriksa Madya)",Kooperatif - Memperbaiki Data & Mendaftarkan Seluruh Pekerja,Tuntas - Patuh Kembali Penuh,38,8690220,Kasus Baru Pertama,2025-07-01,2025-09-01,3,Sesuai Rekomendasi Sistem,0,1,95.0
CAS-2025-0142,BU-0261,PT Mandiri Duta Abadi,KC Semarang,2025-03,2025-05,PDS Tenaga Kerja,3,4852800,Sedang,Surat Klarifikasi & Permintaan Pemutakhiran Data,Setuju Rekomendasi: Surat Klarifikasi & Permintaan Pemutakhiran Data,"Eko Prasetyo, S.H. (Pemeriksa Madya)",Kooperatif - Memperbaiki Data & Mendaftarkan Seluruh Pekerja,Tuntas - Patuh Kembali Penuh,32,4610160,Kasus Baru Pertama,2025-03-01,2025-05-01,3,Sesuai Rekomendasi Sistem,0,1,95.0
CAS-2025-0143,BU-0265,Koperasi Wijaya Konstruksi,KC Tangerang,2025-04,2025-06,PDS Tenaga Kerja,3,1176000,Sedang,Surat Klarifikasi & Permintaan Pemutakhiran Data,Setuju Rekomendasi: Surat Klarifikasi & Permintaan Pemutakhiran Data,"Eko Prasetyo, S.H. (Pemeriksa Madya)",Kooperatif - Memperbaiki Data & Mendaftarkan Seluruh Pekerja,Tuntas - Patuh Kembali Penuh,19,1117200,Kasus Baru Pertama,2025-04-01,2025-06-01,3,Sesuai Rekomendasi Sistem,0,1,95.0
CAS-2025-0144,BU-0266,Koperasi Surya Oto Perkasa,KC Pekanbaru,2025-04,2025-06,PDS Kombinasi,3,103793400,Tinggi,Surat Teguran Tertulis I & Jadwal Audit Wasrik Lapangan,Setuju Rekomendasi: Surat Teguran Tertulis I & Jadwal Audit Wasrik Lapangan,"Siti Rahmawati, S.H. (Pemeriksa Muda)",Pasif / Menolak - Diberikan Teguran Keras & Diusulkan Sanksi TMP2T,Eskalasi Hukum - SKK Kejaksaan Negeri (Datun),73,17298900,Kasus Baru Pertama,2025-04-01,2025-06-01,4,Sesuai Rekomendasi Sistem,0,0,16.67
CAS-2025-0145,BU-0267,CV Makmur Solusindo,KC Semarang,2025-03,2025-05,PDS Kombinasi,3,94832100,Tinggi,Surat Teguran Tertulis I & Jadwal Audit Wasrik Lapangan,Setuju Rekomendasi: Surat Teguran Tertulis I & Jadwal Audit Wasrik Lapangan,"Agus Hermawan, S.Kom. (Analis Wasrik)",Pasif / Menolak - Diberikan Teguran Keras & Diusulkan Sanksi TMP2T,Eskalasi Hukum - SKK Kejaksaan Negeri (Datun),107,15805350,Kasus Baru Pertama,2025-03-01,2025-05-01,4,Sesuai Rekomendasi Sistem,0,0,16.67
CAS-2025-0146,BU-0268,PT Sejahtera Konstruksi,KC Jakarta Pusat,2025-07,2025-09,PDS Tenaga Kerja,3,61739550,Sedang,Surat Klarifikasi & Permintaan Pemutakhiran Data,Setuju Rekomendasi: Surat Klarifikasi & Permintaan Pemutakhiran Data,"Nurul Hasanah, S.Ak. (Analis Kepatuhan)",Kooperatif - Memperbaiki Data & Mendaftarkan Seluruh Pekerja,Tuntas - Patuh Kembali Penuh,34,58652572,Kasus Baru Pertama,2025-07-01,2025-09-01,3,Sesuai Rekomendasi Sistem,0,1,95.0
CAS-2025-0147,BU-0269,Yayasan Nusantara Teknologi,KC Tangerang,2025-06,2025-08,PDS Upah,3,94145100,Sedang,Surat Klarifikasi & Permintaan Pemutakhiran Data,Setuju Rekomendasi: Surat Klarifikasi & Permintaan Pemutakhiran Data,"Dian Sastrowardoyo, S.H. (Pemeriksa Muda)",Kooperatif - Memperbaiki Data & Mendaftarkan Seluruh Pekerja,Tuntas - Patuh Kembali Penuh,19,89437845,Kasus Baru Pertama,2025-06-01,2025-08-01,3,Sesuai Rekomendasi Sistem,0,1,95.0
CAS-2025-0148,BU-0271,PT Bina Distribusindo,KC Denpasar,2025-03,2025-05,Tunggakan Iuran,3,2586000,Tinggi,Surat Teguran Tertulis I & Jadwal Audit Wasrik Lapangan,Setuju Rekomendasi: Surat Teguran Tertulis I & Jadwal Audit Wasrik Lapangan,"Fajar Ramadhan, S.ST. (Analis Wasrik)",Kooperatif - Menandatangani Komitmen Pembayaran Bertahap,Tuntas - Restrukturisasi Iuran Disetujui,54,732700,Kasus Baru Pertama,2025-03-01,2025-05-01,4,Sesuai Rekomendasi Sistem,0,1,28.33
CAS-2025-0149,BU-0272,PT Bina Tekstil,KC Makassar,2025-04,2025-06,Tunggakan Iuran,3,13806900,Tinggi,Surat Teguran Tertulis I & Jadwal Audit Wasrik Lapangan,Setuju Rekomendasi: Surat Teguran Tertulis I & Jadwal Audit Wasrik Lapangan,"Nurul Hasanah, S.Ak. (Analis Kepatuhan)",Kooperatif - Menandatangani Komitmen Pembayaran Bertahap,Tuntas - Restrukturisasi Iuran Disetujui,32,3911955,Kasus Baru Pertama,2025-04-01,2025-06-01,4,Sesuai Rekomendasi Sistem,0,1,28.33
CAS-2025-0150,BU-0274,PT Mitra Konstruksi,KC Bandung,2025-08,2025-10,Tunggakan Iuran,3,3865200,Tinggi,Surat Teguran Tertulis I & Jadwal Audit Wasrik Lapangan,Penyesuaian: Beri Dispensasi Cicilan Tunggakan (Restrukturisasi),"Indah Permata, S.E. (Pemeriksa Pertama)",Kooperatif - Menandatangani Komitmen Pembayaran Bertahap,Tuntas - Restrukturisasi Iuran Disetujui,30,1095140,Kasus Baru Pertama,2025-08-01,2025-10-01,4,Diskresi / Penyesuaian Petugas,0,1,28.33
CAS-2025-0151,BU-0280,PT Makmur Solusindo,KC Bandung,2025-08,2025-10,PDS Tenaga Kerja,3,30938250,Sedang,Surat Klarifikasi & Permintaan Pemutakhiran Data,Setuju Rekomendasi: Surat Klarifikasi & Permintaan Pemutakhiran Data,"Rian Hidayat, S.H. (Pemeriksa Pertama)",Kooperatif - Memperbaiki Data & Mendaftarkan Seluruh Pekerja,Tuntas - Patuh Kembali Penuh,15,29391338,Kasus Baru Pertama,2025-08-01,2025-10-01,3,Sesuai Rekomendasi Sistem,0,1,95.0
CAS-2025-0152,BU-0281,PT Makmur Agro Makmur,KC Jakarta Pusat,2025-03,2025-05,PDS Tenaga Kerja,3,10387500,Sedang,Surat Klarifikasi & Permintaan Pemutakhiran Data,Setuju Rekomendasi: Surat Klarifikasi & Permintaan Pemutakhiran Data,"Dewi Lestari, S.E., M.M. (Pemeriksa Madya)",Kooperatif - Memperbaiki Data & Mendaftarkan Seluruh Pekerja,Tuntas - Patuh Kembali Penuh,38,9868125,Kasus Baru Pertama,2025-03-01,2025-05-01,3,Sesuai Rekomendasi Sistem,0,1,95.0
CAS-2025-0153,BU-0283,CV Garuda Katering Prima,KC Jakarta Pusat,2025-04,2025-06,PDS Tenaga Kerja,3,5190750,Sedang,Surat Klarifikasi & Permintaan Pemutakhiran Data,Setuju Rekomendasi: Surat Klarifikasi & Permintaan Pemutakhiran Data,"Fajar Ramadhan, S.ST. (Analis Wasrik)",Kooperatif - Memperbaiki Data & Mendaftarkan Seluruh Pekerja,Tuntas - Patuh Kembali Penuh,37,4931212,Kasus Baru Pertama,2025-04-01,2025-06-01,3,Sesuai Rekomendasi Sistem,0,1,95.0
CAS-2026-0154,BU-0283,CV Garuda Katering Prima,KC Jakarta Pusat,2026-05,2026-07,PDS Tenaga Kerja,3,6585300,Kritis,Pemeriksaan Lapangan Khusus (Audit Investigasi Pelanggaran Berulang),Setuju Rekomendasi: Audit Lapangan & Usulan Sanksi TMP2T (Residivis),"Fajar Ramadhan, S.ST. (Analis Wasrik)",Kooperatif Setelah Diberi Peringatan Keras Wasrik & Disnaker,Tuntas - Pemutakhiran Data Wajib dengan Pengawasan Berkala,36,6453594,Residivis (Masalah Berulang),2026-05-01,2026-07-01,5,Sesuai Rekomendasi Sistem,1,1,98.0
CAS-2025-0155,BU-0285,PT Bina Agro Makmur,KC Jakarta Pusat,2025-06,2025-08,Tunggakan Iuran,3,12942300,Tinggi,Surat Teguran Tertulis I & Jadwal Audit Wasrik Lapangan,Setuju Rekomendasi: Surat Teguran Tertulis I & Jadwal Audit Wasrik Lapangan,"Dewi Lestari, S.E., M.M. (Pemeriksa Madya)",Kooperatif - Menandatangani Komitmen Pembayaran Bertahap,Tuntas - Restrukturisasi Iuran Disetujui,48,3666985,Kasus Baru Pertama,2025-06-01,2025-08-01,4,Sesuai Rekomendasi Sistem,0,1,28.33
CAS-2025-0156,BU-0288,PT Harapan Multi Karya,KC Tangerang,2025-06,2025-08,PDS Tenaga Kerja,3,5374350,Sedang,Surat Klarifikasi & Permintaan Pemutakhiran Data,Eskalasi Cepat: Langsung Pemeriksaan Gabungan Bersama Disnaker,"Budi Santoso, S.E. (Pemeriksa Madya)",Kooperatif - Memperbaiki Data & Mendaftarkan Seluruh Pekerja,Tuntas - Patuh Kembali Penuh,31,5105632,Kasus Baru Pertama,2025-06-01,2025-08-01,3,Diskresi / Penyesuaian Petugas,0,1,95.0
CAS-2025-0157,BU-0289,PT Sumber Multi Karya,KC Tangerang,2025-06,2025-08,PDS Tenaga Kerja,3,5464500,Sedang,Surat Klarifikasi & Permintaan Pemutakhiran Data,Setuju Rekomendasi: Surat Klarifikasi & Permintaan Pemutakhiran Data,"Siti Rahmawati, S.H. (Pemeriksa Muda)",Kooperatif - Memperbaiki Data & Mendaftarkan Seluruh Pekerja,Tuntas - Patuh Kembali Penuh,15,5191275,Kasus Baru Pertama,2025-06-01,2025-08-01,3,Sesuai Rekomendasi Sistem,0,1,95.0
CAS-2025-0158,BU-0290,PT Wijaya Multi Karya,KC Jakarta Pusat,2025-09,2025-11,Tunggakan Iuran,3,1009800000,Tinggi,Surat Teguran Tertulis I & Jadwal Audit Wasrik Lapangan,Eskalasi Cepat: Langsung Pemeriksaan Gabungan Bersama Disnaker,"Siti Rahmawati, S.H. (Pemeriksa Muda)",Kooperatif - Menandatangani Komitmen Pembayaran Bertahap,Tuntas - Restrukturisasi Iuran Disetujui,44,286110000,Kasus Baru Pertama,2025-09-01,2025-11-01,4,Diskresi / Penyesuaian Petugas,0,1,28.33
CAS-2025-0159,BU-0293,PT Sejahtera Lintas Samudera,KC Semarang,2025-05,2025-07,PDS Tenaga Kerja,3,704400,Sedang,Surat Klarifikasi & Permintaan Pemutakhiran Data,Setuju Rekomendasi: Surat Klarifikasi & Permintaan Pemutakhiran Data,"Fajar Ramadhan, S.ST. (Analis Wasrik)",Kooperatif - Memperbaiki Data & Mendaftarkan Seluruh Pekerja,Tuntas - Patuh Kembali Penuh,20,669180,Kasus Baru Pertama,2025-05-01,2025-07-01,3,Sesuai Rekomendasi Sistem,0,1,95.0
CAS-2025-0160,BU-0296,Koperasi Prima Hospitality,KC Jakarta Pusat,2025-07,2025-09,PDS Tenaga Kerja,3,12576300,Sedang,Surat Klarifikasi & Permintaan Pemutakhiran Data,Penyesuaian: Beri Dispensasi Cicilan Tunggakan (Restrukturisasi),"Agus Hermawan, S.Kom. (Analis Wasrik)",Kooperatif - Memperbaiki Data & Mendaftarkan Seluruh Pekerja,Tuntas - Patuh Kembali Penuh,21,11947485,Kasus Baru Pertama,2025-07-01,2025-09-01,3,Diskresi / Penyesuaian Petugas,0,1,95.0
CAS-2025-0161,BU-0298,Yayasan Cipta Katering Prima,KC Pekanbaru,2025-05,2025-07,Tunggakan Iuran,3,22080600,Tinggi,Surat Teguran Tertulis I & Jadwal Audit Wasrik Lapangan,Setuju Rekomendasi: Surat Teguran Tertulis I & Jadwal Audit Wasrik Lapangan,"Budi Santoso, S.E. (Pemeriksa Madya)",Kooperatif - Menandatangani Komitmen Pembayaran Bertahap,Tuntas - Restrukturisasi Iuran Disetujui,55,6256170,Kasus Baru Pertama,2025-05-01,2025-07-01,4,Sesuai Rekomendasi Sistem,0,1,28.33
CAS-2025-0162,BU-0304,Koperasi Wijaya Solusindo,KC Bandung,2025-03,2025-05,PDS Tenaga Kerja,3,2424600,Sedang,Surat Klarifikasi & Permintaan Pemutakhiran Data,Setuju Rekomendasi: Surat Klarifikasi & Permintaan Pemutakhiran Data,"Siti Rahmawati, S.H. (Pemeriksa Muda)",Kooperatif - Memperbaiki Data & Mendaftarkan Seluruh Pekerja,Tuntas - Patuh Kembali Penuh,28,2303370,Kasus Baru Pertama,2025-03-01,2025-05-01,3,Sesuai Rekomendasi Sistem,0,1,95.0
CAS-2025-0163,BU-0308,PT Garuda Logistik,KC Tangerang,2025-09,2025-11,Tunggakan Iuran,3,131792850,Tinggi,Surat Teguran Tertulis I & Jadwal Audit Wasrik Lapangan,Setuju Rekomendasi: Surat Teguran Tertulis I & Jadwal Audit Wasrik Lapangan,"Agus Hermawan, S.Kom. (Analis Wasrik)",Kooperatif - Menandatangani Komitmen Pembayaran Bertahap,Tuntas - Restrukturisasi Iuran Disetujui,48,37341308,Kasus Baru Pertama,2025-09-01,2025-11-01,4,Sesuai Rekomendasi Sistem,0,1,28.33
CAS-2025-0164,BU-0310,PT Makmur Solusindo,KC Surabaya,2025-09,2025-11,PDS Tenaga Kerja,3,1747800,Sedang,Surat Klarifikasi & Permintaan Pemutakhiran Data,Setuju Rekomendasi: Surat Klarifikasi & Permintaan Pemutakhiran Data,"Eko Prasetyo, S.H. (Pemeriksa Madya)",Kooperatif - Memperbaiki Data & Mendaftarkan Seluruh Pekerja,Tuntas - Patuh Kembali Penuh,19,1660410,Kasus Baru Pertama,2025-09-01,2025-11-01,3,Sesuai Rekomendasi Sistem,0,1,95.0
CAS-2025-0165,BU-0311,Yayasan Cipta Konstruksi,KC Jakarta Pusat,2025-07,2025-09,Tunggakan Iuran,3,1085400000,Tinggi,Surat Teguran Tertulis I & Jadwal Audit Wasrik Lapangan,Setuju Rekomendasi: Surat Teguran Tertulis I & Jadwal Audit Wasrik Lapangan,"Dewi Lestari, S.E., M.M. (Pemeriksa Madya)",Kooperatif - Menandatangani Komitmen Pembayaran Bertahap,Tuntas - Restrukturisasi Iuran Disetujui,47,307530000,Kasus Baru Pertama,2025-07-01,2025-09-01,4,Sesuai Rekomendasi Sistem,0,1,28.33
CAS-2025-0166,BU-0313,Koperasi Karya Sarana Jaya,KC Jakarta Pusat,2025-06,2025-08,PDS Kombinasi,3,4795800,Tinggi,Surat Teguran Tertulis I & Jadwal Audit Wasrik Lapangan,Setuju Rekomendasi: Surat Teguran Tertulis I & Jadwal Audit Wasrik Lapangan,"Dian Sastrowardoyo, S.H. (Pemeriksa Muda)",Pasif / Menolak - Diberikan Teguran Keras & Diusulkan Sanksi TMP2T,Eskalasi Hukum - SKK Kejaksaan Negeri (Datun),104,799300,Kasus Baru Pertama,2025-06-01,2025-08-01,4,Sesuai Rekomendasi Sistem,0,0,16.67
CAS-2025-0167,BU-0315,PT Mega Perkasa,KC Surabaya,2025-04,2025-06,Tunggakan Iuran,3,11575200,Tinggi,Surat Teguran Tertulis I & Jadwal Audit Wasrik Lapangan,Setuju Rekomendasi: Surat Teguran Tertulis I & Jadwal Audit Wasrik Lapangan,"Siti Rahmawati, S.H. (Pemeriksa Muda)",Kooperatif - Menandatangani Komitmen Pembayaran Bertahap,Tuntas - Restrukturisasi Iuran Disetujui,31,3279640,Kasus Baru Pertama,2025-04-01,2025-06-01,4,Sesuai Rekomendasi Sistem,0,1,28.33
CAS-2025-0168,BU-0317,Koperasi Inti Logistik,KC Pekanbaru,2025-08,2025-10,PDS Tenaga Kerja,3,70102500,Sedang,Surat Klarifikasi & Permintaan Pemutakhiran Data,Penyesuaian: Beri Dispensasi Cicilan Tunggakan (Restrukturisasi),"Agus Hermawan, S.Kom. (Analis Wasrik)",Kooperatif - Memperbaiki Data & Mendaftarkan Seluruh Pekerja,Tuntas - Patuh Kembali Penuh,28,66597375,Kasus Baru Pertama,2025-08-01,2025-10-01,3,Diskresi / Penyesuaian Petugas,0,1,95.0
CAS-2025-0169,BU-0321,PT Sumber Garda Utama,KC Jakarta Pusat,2025-07,2025-09,PDS Tenaga Kerja,3,9988650,Sedang,Surat Klarifikasi & Permintaan Pemutakhiran Data,Setuju Rekomendasi: Surat Klarifikasi & Permintaan Pemutakhiran Data,"Agus Hermawan, S.Kom. (Analis Wasrik)",Kooperatif - Memperbaiki Data & Mendaftarkan Seluruh Pekerja,Tuntas - Patuh Kembali Penuh,45,9489218,Kasus Baru Pertama,2025-07-01,2025-09-01,3,Sesuai Rekomendasi Sistem,0,1,95.0
CAS-2025-0170,BU-0324,CV Harapan Lintas Samudera,KC Tangerang,2025-08,2025-10,PDS Tenaga Kerja,3,237362400,Sedang,Surat Klarifikasi & Permintaan Pemutakhiran Data,Setuju Rekomendasi: Surat Klarifikasi & Permintaan Pemutakhiran Data,"Agus Hermawan, S.Kom. (Analis Wasrik)",Kooperatif - Memperbaiki Data & Mendaftarkan Seluruh Pekerja,Tuntas - Patuh Kembali Penuh,30,225494280,Kasus Baru Pertama,2025-08-01,2025-10-01,3,Sesuai Rekomendasi Sistem,0,1,95.0
CAS-2025-0171,BU-0326,CV Bumi Plastindo,KC Bandung,2025-06,2025-08,PDS Tenaga Kerja,3,1108800,Sedang,Surat Klarifikasi & Permintaan Pemutakhiran Data,Penyesuaian: Beri Dispensasi Cicilan Tunggakan (Restrukturisasi),"Nurul Hasanah, S.Ak. (Analis Kepatuhan)",Kooperatif - Memperbaiki Data & Mendaftarkan Seluruh Pekerja,Tuntas - Patuh Kembali Penuh,21,1053360,Kasus Baru Pertama,2025-06-01,2025-08-01,3,Diskresi / Penyesuaian Petugas,0,1,95.0
CAS-2025-0172,BU-0327,CV Bina Duta Abadi,KC Tangerang,2025-08,2025-10,PDS Tenaga Kerja,3,11448000,Sedang,Surat Klarifikasi & Permintaan Pemutakhiran Data,Setuju Rekomendasi: Surat Klarifikasi & Permintaan Pemutakhiran Data,"Agus Hermawan, S.Kom. (Analis Wasrik)",Kooperatif - Memperbaiki Data & Mendaftarkan Seluruh Pekerja,Tuntas - Patuh Kembali Penuh,19,10875600,Kasus Baru Pertama,2025-08-01,2025-10-01,3,Sesuai Rekomendasi Sistem,0,1,95.0
CAS-2025-0173,BU-0331,CV Sentosa Plastindo,KC Medan,2025-09,2025-11,PDS Upah,3,1923600,Sedang,Surat Klarifikasi & Permintaan Pemutakhiran Data,Setuju Rekomendasi: Surat Klarifikasi & Permintaan Pemutakhiran Data,"Agus Hermawan, S.Kom. (Analis Wasrik)",Kooperatif - Memperbaiki Data & Mendaftarkan Seluruh Pekerja,Tuntas - Patuh Kembali Penuh,25,1827420,Kasus Baru Pertama,2025-09-01,2025-11-01,3,Sesuai Rekomendasi Sistem,0,1,95.0
CAS-2025-0174,BU-0335,PT Mitra Multi Karya,KC Pekanbaru,2025-04,2025-06,PDS Upah,3,10042650,Sedang,Surat Klarifikasi & Permintaan Pemutakhiran Data,Setuju Rekomendasi: Surat Klarifikasi & Permintaan Pemutakhiran Data,"Nurul Hasanah, S.Ak. (Analis Kepatuhan)",Kooperatif - Memperbaiki Data & Mendaftarkan Seluruh Pekerja,Tuntas - Patuh Kembali Penuh,44,9540518,Kasus Baru Pertama,2025-04-01,2025-06-01,3,Sesuai Rekomendasi Sistem,0,1,95.0
CAS-2025-0175,BU-0336,PT Wijaya Farmasi Medika,KC Surabaya,2025-04,2025-06,PDS Upah,3,4838400,Sedang,Surat Klarifikasi & Permintaan Pemutakhiran Data,Setuju Rekomendasi: Surat Klarifikasi & Permintaan Pemutakhiran Data,"Budi Santoso, S.E. (Pemeriksa Madya)",Kooperatif - Memperbaiki Data & Mendaftarkan Seluruh Pekerja,Tuntas - Patuh Kembali Penuh,40,4596480,Kasus Baru Pertama,2025-04-01,2025-06-01,3,Sesuai Rekomendasi Sistem,0,1,95.0
CAS-2025-0176,BU-0338,Yayasan Nusantara Logistik,KC Denpasar,2025-03,2025-05,PDS Kombinasi,3,5062500,Tinggi,Surat Teguran Tertulis I & Jadwal Audit Wasrik Lapangan,Eskalasi Cepat: Langsung Pemeriksaan Gabungan Bersama Disnaker,"Nurul Hasanah, S.Ak. (Analis Kepatuhan)",Pasif / Menolak - Diberikan Teguran Keras & Diusulkan Sanksi TMP2T,Eskalasi Hukum - SKK Kejaksaan Negeri (Datun),81,843750,Kasus Baru Pertama,2025-03-01,2025-05-01,4,Diskresi / Penyesuaian Petugas,0,0,16.67
CAS-2025-0177,BU-0339,PT Bumi Tekstil,KC Semarang,2025-05,2025-07,PDS Kombinasi,3,14947200,Tinggi,Surat Teguran Tertulis I & Jadwal Audit Wasrik Lapangan,Setuju Rekomendasi: Surat Teguran Tertulis I & Jadwal Audit Wasrik Lapangan,"Eko Prasetyo, S.H. (Pemeriksa Madya)",Pasif / Menolak - Diberikan Teguran Keras & Diusulkan Sanksi TMP2T,Eskalasi Hukum - SKK Kejaksaan Negeri (Datun),85,2491200,Kasus Baru Pertama,2025-05-01,2025-07-01,4,Sesuai Rekomendasi Sistem,0,0,16.67
CAS-2025-0178,BU-0340,PT Karya Pangan,KC Surabaya,2025-07,2025-09,PDS Kombinasi,3,1347750,Tinggi,Surat Teguran Tertulis I & Jadwal Audit Wasrik Lapangan,Setuju Rekomendasi: Surat Teguran Tertulis I & Jadwal Audit Wasrik Lapangan,"Dewi Lestari, S.E., M.M. (Pemeriksa Madya)",Pasif / Menolak - Diberikan Teguran Keras & Diusulkan Sanksi TMP2T,Eskalasi Hukum - SKK Kejaksaan Negeri (Datun),103,224625,Kasus Baru Pertama,2025-07-01,2025-09-01,4,Sesuai Rekomendasi Sistem,0,0,16.67
CAS-2025-0179,BU-0342,Yayasan Wijaya Solusindo,KC Denpasar,2025-07,2025-09,PDS Kombinasi,3,10399200,Tinggi,Surat Teguran Tertulis I & Jadwal Audit Wasrik Lapangan,Setuju Rekomendasi: Surat Teguran Tertulis I & Jadwal Audit Wasrik Lapangan,"Dewi Lestari, S.E., M.M. (Pemeriksa Madya)",Pasif / Menolak - Diberikan Teguran Keras & Diusulkan Sanksi TMP2T,Eskalasi Hukum - SKK Kejaksaan Negeri (Datun),60,1733200,Kasus Baru Pertama,2025-07-01,2025-09-01,4,Sesuai Rekomendasi Sistem,0,0,16.67
CAS-2025-0180,BU-0343,PT Mandiri Teknologi,KC Pekanbaru,2025-08,2025-10,Tunggakan Iuran,3,6276000,Tinggi,Surat Teguran Tertulis I & Jadwal Audit Wasrik Lapangan,Setuju Rekomendasi: Surat Teguran Tertulis I & Jadwal Audit Wasrik Lapangan,"Dewi Lestari, S.E., M.M. (Pemeriksa Madya)",Kooperatif - Menandatangani Komitmen Pembayaran Bertahap,Tuntas - Restrukturisasi Iuran Disetujui,38,1778200,Kasus Baru Pertama,2025-08-01,2025-10-01,4,Sesuai Rekomendasi Sistem,0,1,28.33
CAS-2025-0181,BU-0349,Yayasan Bumi Hospitality,KC Balikpapan,2025-06,2025-08,PDS Tenaga Kerja,3,3887250,Sedang,Surat Klarifikasi & Permintaan Pemutakhiran Data,Setuju Rekomendasi: Surat Klarifikasi & Permintaan Pemutakhiran Data,"Indah Permata, S.E. (Pemeriksa Pertama)",Kooperatif - Memperbaiki Data & Mendaftarkan Seluruh Pekerja,Tuntas - Patuh Kembali Penuh,24,3692888,Kasus Baru Pertama,2025-06-01,2025-08-01,3,Sesuai Rekomendasi Sistem,0,1,95.0
CAS-2025-0182,BU-0350,Koperasi Wijaya Teknologi,KC Jakarta Pusat,2025-08,2025-10,Tunggakan Iuran,3,4600200,Tinggi,Surat Teguran Tertulis I & Jadwal Audit Wasrik Lapangan,Setuju Rekomendasi: Surat Teguran Tertulis I & Jadwal Audit Wasrik Lapangan,"Eko Prasetyo, S.H. (Pemeriksa Madya)",Kooperatif - Menandatangani Komitmen Pembayaran Bertahap,Tuntas - Restrukturisasi Iuran Disetujui,41,1303390,Kasus Baru Pertama,2025-08-01,2025-10-01,4,Sesuai Rekomendasi Sistem,0,1,28.33
CAS-2025-0183,BU-0351,CV Harapan Hospitality,KC Pekanbaru,2025-09,2025-11,PDS Tenaga Kerja,3,313651800,Sedang,Surat Klarifikasi & Permintaan Pemutakhiran Data,Setuju Rekomendasi: Surat Klarifikasi & Permintaan Pemutakhiran Data,"Dewi Lestari, S.E., M.M. (Pemeriksa Madya)",Kooperatif - Memperbaiki Data & Mendaftarkan Seluruh Pekerja,Tuntas - Patuh Kembali Penuh,18,297969210,Kasus Baru Pertama,2025-09-01,2025-11-01,3,Sesuai Rekomendasi Sistem,0,1,95.0
CAS-2025-0184,BU-0352,PT Wijaya Tekstil,KC Medan,2025-04,2025-06,PDS Tenaga Kerja,3,3433500,Sedang,Surat Klarifikasi & Permintaan Pemutakhiran Data,Setuju Rekomendasi: Surat Klarifikasi & Permintaan Pemutakhiran Data,"Budi Santoso, S.E. (Pemeriksa Madya)",Kooperatif - Memperbaiki Data & Mendaftarkan Seluruh Pekerja,Tuntas - Patuh Kembali Penuh,36,3261825,Kasus Baru Pertama,2025-04-01,2025-06-01,3,Sesuai Rekomendasi Sistem,0,1,95.0
CAS-2026-0185,BU-0352,PT Wijaya Tekstil,KC Medan,2026-05,2026-07,PDS Tenaga Kerja,3,3034500,Kritis,Pemeriksaan Lapangan Khusus (Audit Investigasi Pelanggaran Berulang),Setuju Rekomendasi: Audit Lapangan & Usulan Sanksi TMP2T (Residivis),"Budi Santoso, S.E. (Pemeriksa Madya)",Kooperatif Setelah Diberi Peringatan Keras Wasrik & Disnaker,Tuntas - Pemutakhiran Data Wajib dengan Pengawasan Berkala,44,2973810,Residivis (Masalah Berulang),2026-05-01,2026-07-01,5,Sesuai Rekomendasi Sistem,1,1,98.0
CAS-2025-0186,BU-0354,PT Mega Farmasi Medika,KC Surabaya,2025-05,2025-07,Tunggakan Iuran,3,856927500,Tinggi,Surat Teguran Tertulis I & Jadwal Audit Wasrik Lapangan,Setuju Rekomendasi: Surat Teguran Tertulis I & Jadwal Audit Wasrik Lapangan,"Fajar Ramadhan, S.ST. (Analis Wasrik)",Kooperatif - Menandatangani Komitmen Pembayaran Bertahap,Tuntas - Restrukturisasi Iuran Disetujui,58,242796125,Kasus Baru Pertama,2025-05-01,2025-07-01,4,Sesuai Rekomendasi Sistem,0,1,28.33
CAS-2025-0187,BU-0362,PT Mitra Solusindo,KC Pekanbaru,2025-06,2025-08,PDS Kombinasi,3,9595950,Tinggi,Surat Teguran Tertulis I & Jadwal Audit Wasrik Lapangan,Setuju Rekomendasi: Surat Teguran Tertulis I & Jadwal Audit Wasrik Lapangan,"Siti Rahmawati, S.H. (Pemeriksa Muda)",Pasif / Menolak - Diberikan Teguran Keras & Diusulkan Sanksi TMP2T,Eskalasi Hukum - SKK Kejaksaan Negeri (Datun),84,1599325,Kasus Baru Pertama,2025-06-01,2025-08-01,4,Sesuai Rekomendasi Sistem,0,0,16.67
CAS-2025-0188,BU-0364,Koperasi Sejahtera Sarana Jaya,KC Bandung,2025-03,2025-05,PDS Kombinasi,3,72208200,Tinggi,Surat Teguran Tertulis I & Jadwal Audit Wasrik Lapangan,Setuju Rekomendasi: Surat Teguran Tertulis I & Jadwal Audit Wasrik Lapangan,"Fajar Ramadhan, S.ST. (Analis Wasrik)",Pasif / Menolak - Diberikan Teguran Keras & Diusulkan Sanksi TMP2T,Eskalasi Hukum - SKK Kejaksaan Negeri (Datun),68,12034700,Kasus Baru Pertama,2025-03-01,2025-05-01,4,Sesuai Rekomendasi Sistem,0,0,16.67
CAS-2025-0189,BU-0368,PT Sentosa Plastindo,KC Makassar,2025-05,2025-07,Tunggakan Iuran,3,659783250,Tinggi,Surat Teguran Tertulis I & Jadwal Audit Wasrik Lapangan,Penyesuaian: Beri Dispensasi Cicilan Tunggakan (Restrukturisasi),"Rian Hidayat, S.H. (Pemeriksa Pertama)",Kooperatif - Menandatangani Komitmen Pembayaran Bertahap,Tuntas - Restrukturisasi Iuran Disetujui,42,186938588,Kasus Baru Pertama,2025-05-01,2025-07-01,4,Diskresi / Penyesuaian Petugas,0,1,28.33
CAS-2025-0190,BU-0370,PT Inti Katering Prima,KC Semarang,2025-05,2025-07,PDS Upah,3,1283850,Sedang,Surat Klarifikasi & Permintaan Pemutakhiran Data,Setuju Rekomendasi: Surat Klarifikasi & Permintaan Pemutakhiran Data,"Dewi Lestari, S.E., M.M. (Pemeriksa Madya)",Kooperatif - Memperbaiki Data & Mendaftarkan Seluruh Pekerja,Tuntas - Patuh Kembali Penuh,24,1219658,Kasus Baru Pertama,2025-05-01,2025-07-01,3,Sesuai Rekomendasi Sistem,0,1,95.0
CAS-2025-0191,BU-0372,CV Daya Sarana Jaya,KC Surabaya,2025-08,2025-10,PDS Tenaga Kerja,3,18948600,Sedang,Surat Klarifikasi & Permintaan Pemutakhiran Data,Setuju Rekomendasi: Surat Klarifikasi & Permintaan Pemutakhiran Data,"Budi Santoso, S.E. (Pemeriksa Madya)",Kooperatif - Memperbaiki Data & Mendaftarkan Seluruh Pekerja,Tuntas - Patuh Kembali Penuh,45,18001170,Kasus Baru Pertama,2025-08-01,2025-10-01,3,Sesuai Rekomendasi Sistem,0,1,95.0
CAS-2025-0192,BU-0373,PT Tri Konstruksi,KC Jakarta Pusat,2025-09,2025-11,Tunggakan Iuran,3,12938100,Tinggi,Surat Teguran Tertulis I & Jadwal Audit Wasrik Lapangan,Setuju Rekomendasi: Surat Teguran Tertulis I & Jadwal Audit Wasrik Lapangan,"Indah Permata, S.E. (Pemeriksa Pertama)",Kooperatif - Menandatangani Komitmen Pembayaran Bertahap,Tuntas - Restrukturisasi Iuran Disetujui,30,3665795,Kasus Baru Pertama,2025-09-01,2025-11-01,4,Sesuai Rekomendasi Sistem,0,1,28.33
CAS-2025-0193,BU-0374,Koperasi Bumi Oto Perkasa,KC Jakarta Pusat,2025-06,2025-08,Tunggakan Iuran,3,424396800,Tinggi,Surat Teguran Tertulis I & Jadwal Audit Wasrik Lapangan,Eskalasi Cepat: Langsung Pemeriksaan Gabungan Bersama Disnaker,"Eko Prasetyo, S.H. (Pemeriksa Madya)",Kooperatif - Menandatangani Komitmen Pembayaran Bertahap,Tuntas - Restrukturisasi Iuran Disetujui,37,120245760,Kasus Baru Pertama,2025-06-01,2025-08-01,4,Diskresi / Penyesuaian Petugas,0,1,28.33
CAS-2025-0194,BU-0375,Yayasan Mega Logistik,KC Pekanbaru,2025-04,2025-06,Tunggakan Iuran,3,47032200,Tinggi,Surat Teguran Tertulis I & Jadwal Audit Wasrik Lapangan,Setuju Rekomendasi: Surat Teguran Tertulis I & Jadwal Audit Wasrik Lapangan,"Agus Hermawan, S.Kom. (Analis Wasrik)",Kooperatif - Menandatangani Komitmen Pembayaran Bertahap,Tuntas - Restrukturisasi Iuran Disetujui,47,13325790,Kasus Baru Pertama,2025-04-01,2025-06-01,4,Sesuai Rekomendasi Sistem,0,1,28.33
CAS-2025-0195,BU-0383,CV Mega Lintas Samudera,KC Medan,2025-03,2025-05,PDS Tenaga Kerja,3,40296000,Sedang,Surat Klarifikasi & Permintaan Pemutakhiran Data,Eskalasi Cepat: Langsung Pemeriksaan Gabungan Bersama Disnaker,"Siti Rahmawati, S.H. (Pemeriksa Muda)",Kooperatif - Memperbaiki Data & Mendaftarkan Seluruh Pekerja,Tuntas - Patuh Kembali Penuh,22,38281200,Kasus Baru Pertama,2025-03-01,2025-05-01,3,Diskresi / Penyesuaian Petugas,0,1,95.0
CAS-2025-0196,BU-0384,Koperasi Sejahtera Oto Perkasa,KC Pekanbaru,2025-03,2025-05,PDS Upah,3,14493750,Sedang,Surat Klarifikasi & Permintaan Pemutakhiran Data,Setuju Rekomendasi: Surat Klarifikasi & Permintaan Pemutakhiran Data,"Agus Hermawan, S.Kom. (Analis Wasrik)",Kooperatif - Memperbaiki Data & Mendaftarkan Seluruh Pekerja,Tuntas - Patuh Kembali Penuh,43,13769062,Kasus Baru Pertama,2025-03-01,2025-05-01,3,Sesuai Rekomendasi Sistem,0,1,95.0
CAS-2025-0197,BU-0385,CV Garuda Pangan,KC Semarang,2025-07,2025-09,PDS Upah,3,5753850,Sedang,Surat Klarifikasi & Permintaan Pemutakhiran Data,Setuju Rekomendasi: Surat Klarifikasi & Permintaan Pemutakhiran Data,"Budi Santoso, S.E. (Pemeriksa Madya)",Kooperatif - Memperbaiki Data & Mendaftarkan Seluruh Pekerja,Tuntas - Patuh Kembali Penuh,35,5466158,Kasus Baru Pertama,2025-07-01,2025-09-01,3,Sesuai Rekomendasi Sistem,0,1,95.0
CAS-2025-0198,BU-0389,CV Sumber Solusindo,KC Jakarta Pusat,2025-04,2025-06,Tunggakan Iuran,3,308932800,Tinggi,Surat Teguran Tertulis I & Jadwal Audit Wasrik Lapangan,Setuju Rekomendasi: Surat Teguran Tertulis I & Jadwal Audit Wasrik Lapangan,"Fajar Ramadhan, S.ST. (Analis Wasrik)",Kooperatif - Menandatangani Komitmen Pembayaran Bertahap,Tuntas - Restrukturisasi Iuran Disetujui,54,87530960,Kasus Baru Pertama,2025-04-01,2025-06-01,4,Sesuai Rekomendasi Sistem,0,1,28.33
CAS-2025-0199,BU-0391,PT Tri Ritel Modern,KC Surabaya,2025-04,2025-06,PDS Tenaga Kerja,3,26201700,Sedang,Surat Klarifikasi & Permintaan Pemutakhiran Data,Eskalasi Cepat: Langsung Pemeriksaan Gabungan Bersama Disnaker,"Budi Santoso, S.E. (Pemeriksa Madya)",Kooperatif - Memperbaiki Data & Mendaftarkan Seluruh Pekerja,Tuntas - Patuh Kembali Penuh,37,24891615,Kasus Baru Pertama,2025-04-01,2025-06-01,3,Diskresi / Penyesuaian Petugas,0,1,95.0
CAS-2026-0200,BU-0391,PT Tri Ritel Modern,KC Surabaya,2026-05,2026-07,PDS Tenaga Kerja,3,26703300,Kritis,Pemeriksaan Lapangan Khusus (Audit Investigasi Pelanggaran Berulang),Setuju Rekomendasi: Audit Lapangan & Usulan Sanksi TMP2T (Residivis),"Indah Permata, S.E. (Pemeriksa Pertama)",Kooperatif Setelah Diberi Peringatan Keras Wasrik & Disnaker,Tuntas - Pemutakhiran Data Wajib dengan Pengawasan Berkala,37,26169234,Residivis (Masalah Berulang),2026-05-01,2026-07-01,5,Sesuai Rekomendasi Sistem,1,1,98.0
CAS-2025-0201,BU-0392,CV Daya Hospitality,KC Bandung,2025-08,2025-10,PDS Tenaga Kerja,3,2998800,Sedang,Surat Klarifikasi & Permintaan Pemutakhiran Data,Setuju Rekomendasi: Surat Klarifikasi & Permintaan Pemutakhiran Data,"Rian Hidayat, S.H. (Pemeriksa Pertama)",Kooperatif - Memperbaiki Data & Mendaftarkan Seluruh Pekerja,Tuntas - Patuh Kembali Penuh,20,2848860,Kasus Baru Pertama,2025-08-01,2025-10-01,3,Sesuai Rekomendasi Sistem,0,1,95.0
CAS-2025-0202,BU-0394,Yayasan Mandiri Katering Prima,KC Surabaya,2025-04,2025-06,PDS Tenaga Kerja,3,6513000,Sedang,Surat Klarifikasi & Permintaan Pemutakhiran Data,Setuju Rekomendasi: Surat Klarifikasi & Permintaan Pemutakhiran Data,"Eko Prasetyo, S.H. (Pemeriksa Madya)",Kooperatif - Memperbaiki Data & Mendaftarkan Seluruh Pekerja,Tuntas - Patuh Kembali Penuh,16,6187350,Kasus Baru Pertama,2025-04-01,2025-06-01,3,Sesuai Rekomendasi Sistem,0,1,95.0
CAS-2026-0203,BU-0394,Yayasan Mandiri Katering Prima,KC Surabaya,2026-05,2026-07,PDS Tenaga Kerja,3,6276600,Kritis,Pemeriksaan Lapangan Khusus (Audit Investigasi Pelanggaran Berulang),Setuju Rekomendasi: Audit Lapangan & Usulan Sanksi TMP2T (Residivis),"Budi Santoso, S.E. (Pemeriksa Madya)",Kooperatif Setelah Diberi Peringatan Keras Wasrik & Disnaker,Tuntas - Pemutakhiran Data Wajib dengan Pengawasan Berkala,31,6151068,Residivis (Masalah Berulang),2026-05-01,2026-07-01,5,Sesuai Rekomendasi Sistem,1,1,98.0
CAS-2025-0204,BU-0395,Yayasan Surya Tekstil,KC Surabaya,2025-06,2025-08,PDS Kombinasi,3,2618700,Tinggi,Surat Teguran Tertulis I & Jadwal Audit Wasrik Lapangan,Setuju Rekomendasi: Surat Teguran Tertulis I & Jadwal Audit Wasrik Lapangan,"Agus Hermawan, S.Kom. (Analis Wasrik)",Pasif / Menolak - Diberikan Teguran Keras & Diusulkan Sanksi TMP2T,Eskalasi Hukum - SKK Kejaksaan Negeri (Datun),118,436450,Kasus Baru Pertama,2025-06-01,2025-08-01,4,Sesuai Rekomendasi Sistem,0,0,16.67
CAS-2025-0205,BU-0396,PT Daya Teknologi,KC Makassar,2025-09,2025-11,PDS Upah,3,353400,Sedang,Surat Klarifikasi & Permintaan Pemutakhiran Data,Setuju Rekomendasi: Surat Klarifikasi & Permintaan Pemutakhiran Data,"Budi Santoso, S.E. (Pemeriksa Madya)",Kooperatif - Memperbaiki Data & Mendaftarkan Seluruh Pekerja,Tuntas - Patuh Kembali Penuh,31,335730,Kasus Baru Pertama,2025-09-01,2025-11-01,3,Sesuai Rekomendasi Sistem,0,1,95.0
CAS-2025-0206,BU-0397,Koperasi Wijaya Teknologi,KC Bandung,2025-05,2025-07,PDS Upah,3,300600,Sedang,Surat Klarifikasi & Permintaan Pemutakhiran Data,Setuju Rekomendasi: Surat Klarifikasi & Permintaan Pemutakhiran Data,"Dian Sastrowardoyo, S.H. (Pemeriksa Muda)",Kooperatif - Memperbaiki Data & Mendaftarkan Seluruh Pekerja,Tuntas - Patuh Kembali Penuh,21,285570,Kasus Baru Pertama,2025-05-01,2025-07-01,3,Sesuai Rekomendasi Sistem,0,1,95.0
CAS-2025-0207,BU-0399,CV Tri Oto Perkasa,KC Jakarta Pusat,2025-04,2025-06,Tunggakan Iuran,3,644400000,Tinggi,Surat Teguran Tertulis I & Jadwal Audit Wasrik Lapangan,Setuju Rekomendasi: Surat Teguran Tertulis I & Jadwal Audit Wasrik Lapangan,"Eko Prasetyo, S.H. (Pemeriksa Madya)",Kooperatif - Menandatangani Komitmen Pembayaran Bertahap,Tuntas - Restrukturisasi Iuran Disetujui,30,182580000,Kasus Baru Pertama,2025-04-01,2025-06-01,4,Sesuai Rekomendasi Sistem,0,1,28.33
CAS-2025-0208,BU-0400,PT Wijaya Solusindo,KC Makassar,2025-07,2025-09,PDS Upah,3,768000,Sedang,Surat Klarifikasi & Permintaan Pemutakhiran Data,Setuju Rekomendasi: Surat Klarifikasi & Permintaan Pemutakhiran Data,"Rian Hidayat, S.H. (Pemeriksa Pertama)",Kooperatif - Memperbaiki Data & Mendaftarkan Seluruh Pekerja,Tuntas - Patuh Kembali Penuh,38,729600,Kasus Baru Pertama,2025-07-01,2025-09-01,3,Sesuai Rekomendasi Sistem,0,1,95.0
CAS-2025-0209,BU-0405,CV Wijaya Ritel Modern,KC Jakarta Pusat,2025-08,2025-10,PDS Upah,3,20695500,Sedang,Surat Klarifikasi & Permintaan Pemutakhiran Data,Setuju Rekomendasi: Surat Klarifikasi & Permintaan Pemutakhiran Data,"Agus Hermawan, S.Kom. (Analis Wasrik)",Kooperatif - Memperbaiki Data & Mendaftarkan Seluruh Pekerja,Tuntas - Patuh Kembali Penuh,27,19660725,Kasus Baru Pertama,2025-08-01,2025-10-01,3,Sesuai Rekomendasi Sistem,0,1,95.0
CAS-2025-0210,BU-0409,PT Makmur Logistik,KC Tangerang,2025-08,2025-10,PDS Tenaga Kerja,3,8579250,Sedang,Surat Klarifikasi & Permintaan Pemutakhiran Data,Setuju Rekomendasi: Surat Klarifikasi & Permintaan Pemutakhiran Data,"Budi Santoso, S.E. (Pemeriksa Madya)",Kooperatif - Memperbaiki Data & Mendaftarkan Seluruh Pekerja,Tuntas - Patuh Kembali Penuh,15,8150288,Kasus Baru Pertama,2025-08-01,2025-10-01,3,Sesuai Rekomendasi Sistem,0,1,95.0
CAS-2025-0211,BU-0410,PT Cipta Ritel Modern,KC Bandung,2025-04,2025-06,PDS Tenaga Kerja,3,5237700,Sedang,Surat Klarifikasi & Permintaan Pemutakhiran Data,Setuju Rekomendasi: Surat Klarifikasi & Permintaan Pemutakhiran Data,"Fajar Ramadhan, S.ST. (Analis Wasrik)",Kooperatif - Memperbaiki Data & Mendaftarkan Seluruh Pekerja,Tuntas - Patuh Kembali Penuh,32,4975815,Kasus Baru Pertama,2025-04-01,2025-06-01,3,Sesuai Rekomendasi Sistem,0,1,95.0
CAS-2026-0212,BU-0410,PT Cipta Ritel Modern,KC Bandung,2026-05,2026-07,PDS Tenaga Kerja,3,5524350,Kritis,Pemeriksaan Lapangan Khusus (Audit Investigasi Pelanggaran Berulang),Setuju Rekomendasi: Audit Lapangan & Usulan Sanksi TMP2T (Residivis),"Fajar Ramadhan, S.ST. (Analis Wasrik)",Kooperatif Setelah Diberi Peringatan Keras Wasrik & Disnaker,Tuntas - Pemutakhiran Data Wajib dengan Pengawasan Berkala,21,5413863,Residivis (Masalah Berulang),2026-05-01,2026-07-01,5,Sesuai Rekomendasi Sistem,1,1,98.0
CAS-2025-0213,BU-0412,PT Daya Teknologi,KC Jakarta Pusat,2025-07,2025-09,PDS Tenaga Kerja,3,15828750,Sedang,Surat Klarifikasi & Permintaan Pemutakhiran Data,Setuju Rekomendasi: Surat Klarifikasi & Permintaan Pemutakhiran Data,"Agus Hermawan, S.Kom. (Analis Wasrik)",Kooperatif - Memperbaiki Data & Mendaftarkan Seluruh Pekerja,Tuntas - Patuh Kembali Penuh,38,15037312,Kasus Baru Pertama,2025-07-01,2025-09-01,3,Sesuai Rekomendasi Sistem,0,1,95.0
CAS-2025-0214,BU-0414,Yayasan Adhi Duta Abadi,KC Jakarta Pusat,2025-06,2025-08,Tunggakan Iuran,3,77389200,Tinggi,Surat Teguran Tertulis I & Jadwal Audit Wasrik Lapangan,Setuju Rekomendasi: Surat Teguran Tertulis I & Jadwal Audit Wasrik Lapangan,"Agus Hermawan, S.Kom. (Analis Wasrik)",Kooperatif - Menandatangani Komitmen Pembayaran Bertahap,Tuntas - Restrukturisasi Iuran Disetujui,53,21926940,Kasus Baru Pertama,2025-06-01,2025-08-01,4,Sesuai Rekomendasi Sistem,0,1,28.33
CAS-2025-0215,BU-0415,CV Inti Multi Karya,KC Medan,2025-04,2025-06,Tunggakan Iuran,3,106675500,Tinggi,Surat Teguran Tertulis I & Jadwal Audit Wasrik Lapangan,Setuju Rekomendasi: Surat Teguran Tertulis I & Jadwal Audit Wasrik Lapangan,"Fajar Ramadhan, S.ST. (Analis Wasrik)",Kooperatif - Menandatangani Komitmen Pembayaran Bertahap,Tuntas - Restrukturisasi Iuran Disetujui,39,30224725,Kasus Baru Pertama,2025-04-01,2025-06-01,4,Sesuai Rekomendasi Sistem,0,1,28.33
CAS-2025-0216,BU-0417,PT Sejahtera Ritel Modern,KC Makassar,2025-07,2025-09,PDS Tenaga Kerja,3,29764650,Sedang,Surat Klarifikasi & Permintaan Pemutakhiran Data,Setuju Rekomendasi: Surat Klarifikasi & Permintaan Pemutakhiran Data,"Dewi Lestari, S.E., M.M. (Pemeriksa Madya)",Kooperatif - Memperbaiki Data & Mendaftarkan Seluruh Pekerja,Tuntas - Patuh Kembali Penuh,34,28276418,Kasus Baru Pertama,2025-07-01,2025-09-01,3,Sesuai Rekomendasi Sistem,0,1,95.0
CAS-2025-0217,BU-0421,PT Sinar Ritel Modern,KC Bandung,2025-03,2025-05,PDS Upah,3,954450,Sedang,Surat Klarifikasi & Permintaan Pemutakhiran Data,Penyesuaian: Beri Dispensasi Cicilan Tunggakan (Restrukturisasi),"Fajar Ramadhan, S.ST. (Analis Wasrik)",Kooperatif - Memperbaiki Data & Mendaftarkan Seluruh Pekerja,Tuntas - Patuh Kembali Penuh,37,906728,Kasus Baru Pertama,2025-03-01,2025-05-01,3,Diskresi / Penyesuaian Petugas,0,1,95.0
CAS-2025-0218,BU-0424,PT Surya Distribusindo,KC Bandung,2025-07,2025-09,PDS Upah,3,6579000,Sedang,Surat Klarifikasi & Permintaan Pemutakhiran Data,Setuju Rekomendasi: Surat Klarifikasi & Permintaan Pemutakhiran Data,"Budi Santoso, S.E. (Pemeriksa Madya)",Kooperatif - Memperbaiki Data & Mendaftarkan Seluruh Pekerja,Tuntas - Patuh Kembali Penuh,33,6250050,Kasus Baru Pertama,2025-07-01,2025-09-01,3,Sesuai Rekomendasi Sistem,0,1,95.0
CAS-2025-0219,BU-0428,PT Adhi Solusindo,KC Semarang,2025-03,2025-05,PDS Tenaga Kerja,3,899400,Sedang,Surat Klarifikasi & Permintaan Pemutakhiran Data,Setuju Rekomendasi: Surat Klarifikasi & Permintaan Pemutakhiran Data,"Dian Sastrowardoyo, S.H. (Pemeriksa Muda)",Kooperatif - Memperbaiki Data & Mendaftarkan Seluruh Pekerja,Tuntas - Patuh Kembali Penuh,19,854430,Kasus Baru Pertama,2025-03-01,2025-05-01,3,Sesuai Rekomendasi Sistem,0,1,95.0
CAS-2025-0220,BU-0432,PT Harapan Hospitality,KC Semarang,2025-07,2025-09,Tunggakan Iuran,3,13482000,Tinggi,Surat Teguran Tertulis I & Jadwal Audit Wasrik Lapangan,Setuju Rekomendasi: Surat Teguran Tertulis I & Jadwal Audit Wasrik Lapangan,"Indah Permata, S.E. (Pemeriksa Pertama)",Kooperatif - Menandatangani Komitmen Pembayaran Bertahap,Tuntas - Restrukturisasi Iuran Disetujui,38,3819900,Kasus Baru Pertama,2025-07-01,2025-09-01,4,Sesuai Rekomendasi Sistem,0,1,28.33
CAS-2025-0221,BU-0435,CV Karya Farmasi Medika,KC Jakarta Pusat,2025-07,2025-09,PDS Tenaga Kerja,3,68434200,Sedang,Surat Klarifikasi & Permintaan Pemutakhiran Data,Setuju Rekomendasi: Surat Klarifikasi & Permintaan Pemutakhiran Data,"Fajar Ramadhan, S.ST. (Analis Wasrik)",Kooperatif - Memperbaiki Data & Mendaftarkan Seluruh Pekerja,Tuntas - Patuh Kembali Penuh,25,65012490,Kasus Baru Pertama,2025-07-01,2025-09-01,3,Sesuai Rekomendasi Sistem,0,1,95.0
CAS-2025-0222,BU-0436,PT Wijaya Distribusindo,KC Pekanbaru,2025-07,2025-09,PDS Upah,3,8625000,Sedang,Surat Klarifikasi & Permintaan Pemutakhiran Data,Setuju Rekomendasi: Surat Klarifikasi & Permintaan Pemutakhiran Data,"Dian Sastrowardoyo, S.H. (Pemeriksa Muda)",Kooperatif - Memperbaiki Data & Mendaftarkan Seluruh Pekerja,Tuntas - Patuh Kembali Penuh,18,8193750,Kasus Baru Pertama,2025-07-01,2025-09-01,3,Sesuai Rekomendasi Sistem,0,1,95.0
CAS-2025-0223,BU-0437,CV Surya Hospitality,KC Bandung,2025-07,2025-09,Tunggakan Iuran,3,1119600,Tinggi,Surat Teguran Tertulis I & Jadwal Audit Wasrik Lapangan,Setuju Rekomendasi: Surat Teguran Tertulis I & Jadwal Audit Wasrik Lapangan,"Siti Rahmawati, S.H. (Pemeriksa Muda)",Kooperatif - Menandatangani Komitmen Pembayaran Bertahap,Tuntas - Restrukturisasi Iuran Disetujui,51,317220,Kasus Baru Pertama,2025-07-01,2025-09-01,4,Sesuai Rekomendasi Sistem,0,1,28.33
CAS-2025-0224,BU-0438,Yayasan Sejahtera Multi Karya,KC Balikpapan,2025-08,2025-10,PDS Tenaga Kerja,3,35270400,Sedang,Surat Klarifikasi & Permintaan Pemutakhiran Data,Setuju Rekomendasi: Surat Klarifikasi & Permintaan Pemutakhiran Data,"Eko Prasetyo, S.H. (Pemeriksa Madya)",Kooperatif - Memperbaiki Data & Mendaftarkan Seluruh Pekerja,Tuntas - Patuh Kembali Penuh,35,33506880,Kasus Baru Pertama,2025-08-01,2025-10-01,3,Sesuai Rekomendasi Sistem,0,1,95.0
CAS-2025-0225,BU-0439,Yayasan Adhi Lintas Samudera,KC Tangerang,2025-04,2025-06,PDS Tenaga Kerja,3,7310100,Sedang,Surat Klarifikasi & Permintaan Pemutakhiran Data,Setuju Rekomendasi: Surat Klarifikasi & Permintaan Pemutakhiran Data,"Agus Hermawan, S.Kom. (Analis Wasrik)",Kooperatif - Memperbaiki Data & Mendaftarkan Seluruh Pekerja,Tuntas - Patuh Kembali Penuh,22,6944595,Kasus Baru Pertama,2025-04-01,2025-06-01,3,Sesuai Rekomendasi Sistem,0,1,95.0
CAS-2025-0226,BU-0442,PT Daya Hospitality,KC Jakarta Pusat,2025-04,2025-06,PDS Tenaga Kerja,3,4278000,Sedang,Surat Klarifikasi & Permintaan Pemutakhiran Data,Penyesuaian: Beri Dispensasi Cicilan Tunggakan (Restrukturisasi),"Dian Sastrowardoyo, S.H. (Pemeriksa Muda)",Kooperatif - Memperbaiki Data & Mendaftarkan Seluruh Pekerja,Tuntas - Patuh Kembali Penuh,40,4064100,Kasus Baru Pertama,2025-04-01,2025-06-01,3,Diskresi / Penyesuaian Petugas,0,1,95.0
CAS-2026-0227,BU-0442,PT Daya Hospitality,KC Jakarta Pusat,2026-05,2026-07,PDS Tenaga Kerja,3,4455000,Kritis,Pemeriksaan Lapangan Khusus (Audit Investigasi Pelanggaran Berulang),Setuju Rekomendasi: Audit Lapangan & Usulan Sanksi TMP2T (Residivis),"Siti Rahmawati, S.H. (Pemeriksa Muda)",Kooperatif Setelah Diberi Peringatan Keras Wasrik & Disnaker,Tuntas - Pemutakhiran Data Wajib dengan Pengawasan Berkala,31,4365900,Residivis (Masalah Berulang),2026-05-01,2026-07-01,5,Sesuai Rekomendasi Sistem,1,1,98.0
CAS-2025-0228,BU-0443,PT Bina Garda Utama,KC Jakarta Pusat,2025-04,2025-06,PDS Upah,3,27688800,Sedang,Surat Klarifikasi & Permintaan Pemutakhiran Data,Setuju Rekomendasi: Surat Klarifikasi & Permintaan Pemutakhiran Data,"Dian Sastrowardoyo, S.H. (Pemeriksa Muda)",Kooperatif - Memperbaiki Data & Mendaftarkan Seluruh Pekerja,Tuntas - Patuh Kembali Penuh,17,26304360,Kasus Baru Pertama,2025-04-01,2025-06-01,3,Sesuai Rekomendasi Sistem,0,1,95.0
CAS-2025-0229,BU-0444,PT Prima Logistik,KC Tangerang,2025-05,2025-07,PDS Tenaga Kerja,3,51265050,Sedang,Surat Klarifikasi & Permintaan Pemutakhiran Data,Setuju Rekomendasi: Surat Klarifikasi & Permintaan Pemutakhiran Data,"Nurul Hasanah, S.Ak. (Analis Kepatuhan)",Kooperatif - Memperbaiki Data & Mendaftarkan Seluruh Pekerja,Tuntas - Patuh Kembali Penuh,31,48701798,Kasus Baru Pertama,2025-05-01,2025-07-01,3,Sesuai Rekomendasi Sistem,0,1,95.0
CAS-2025-0230,BU-0445,PT Sejahtera Oto Perkasa,KC Bandung,2025-04,2025-06,PDS Tenaga Kerja,3,87352500,Sedang,Surat Klarifikasi & Permintaan Pemutakhiran Data,Setuju Rekomendasi: Surat Klarifikasi & Permintaan Pemutakhiran Data,"Dian Sastrowardoyo, S.H. (Pemeriksa Muda)",Kooperatif - Memperbaiki Data & Mendaftarkan Seluruh Pekerja,Tuntas - Patuh Kembali Penuh,28,82984875,Kasus Baru Pertama,2025-04-01,2025-06-01,3,Sesuai Rekomendasi Sistem,0,1,95.0
CAS-2026-0231,BU-0445,PT Sejahtera Oto Perkasa,KC Bandung,2026-05,2026-07,PDS Tenaga Kerja,3,91029000,Kritis,Pemeriksaan Lapangan Khusus (Audit Investigasi Pelanggaran Berulang),Setuju Rekomendasi: Audit Lapangan & Usulan Sanksi TMP2T (Residivis),"Budi Santoso, S.E. (Pemeriksa Madya)",Kooperatif Setelah Diberi Peringatan Keras Wasrik & Disnaker,Tuntas - Pemutakhiran Data Wajib dengan Pengawasan Berkala,40,89208420,Residivis (Masalah Berulang),2026-05-01,2026-07-01,5,Sesuai Rekomendasi Sistem,1,1,98.0
CAS-2025-0232,BU-0448,PT Sentosa Ritel Modern,KC Tangerang,2025-09,2025-11,Tunggakan Iuran,3,47212200,Tinggi,Surat Teguran Tertulis I & Jadwal Audit Wasrik Lapangan,Setuju Rekomendasi: Surat Teguran Tertulis I & Jadwal Audit Wasrik Lapangan,"Nurul Hasanah, S.Ak. (Analis Kepatuhan)",Kooperatif - Menandatangani Komitmen Pembayaran Bertahap,Tuntas - Restrukturisasi Iuran Disetujui,41,13376790,Kasus Baru Pertama,2025-09-01,2025-11-01,4,Sesuai Rekomendasi Sistem,0,1,28.33
CAS-2025-0233,BU-0450,Koperasi Daya Sarana Jaya,KC Bandung,2025-04,2025-06,PDS Tenaga Kerja,3,1255950,Sedang,Surat Klarifikasi & Permintaan Pemutakhiran Data,Penyesuaian: Beri Dispensasi Cicilan Tunggakan (Restrukturisasi),"Dewi Lestari, S.E., M.M. (Pemeriksa Madya)",Kooperatif - Memperbaiki Data & Mendaftarkan Seluruh Pekerja,Tuntas - Patuh Kembali Penuh,34,1193152,Kasus Baru Pertama,2025-04-01,2025-06-01,3,Diskresi / Penyesuaian Petugas,0,1,95.0
CAS-2026-0234,BU-0450,Koperasi Daya Sarana Jaya,KC Bandung,2026-05,2026-07,PDS Tenaga Kerja,3,881400,Kritis,Pemeriksaan Lapangan Khusus (Audit Investigasi Pelanggaran Berulang),Setuju Rekomendasi: Audit Lapangan & Usulan Sanksi TMP2T (Residivis),"Agus Hermawan, S.Kom. (Analis Wasrik)",Kooperatif Setelah Diberi Peringatan Keras Wasrik & Disnaker,Tuntas - Pemutakhiran Data Wajib dengan Pengawasan Berkala,29,863772,Residivis (Masalah Berulang),2026-05-01,2026-07-01,5,Sesuai Rekomendasi Sistem,1,1,98.0
CAS-2025-0235,BU-0451,Koperasi Sinar Katering Prima,KC Pekanbaru,2025-04,2025-06,PDS Tenaga Kerja,3,9012600,Sedang,Surat Klarifikasi & Permintaan Pemutakhiran Data,Setuju Rekomendasi: Surat Klarifikasi & Permintaan Pemutakhiran Data,"Rian Hidayat, S.H. (Pemeriksa Pertama)",Kooperatif - Memperbaiki Data & Mendaftarkan Seluruh Pekerja,Tuntas - Patuh Kembali Penuh,45,8561970,Kasus Baru Pertama,2025-04-01,2025-06-01,3,Sesuai Rekomendasi Sistem,0,1,95.0
CAS-2025-0236,BU-0454,CV Sinar Duta Abadi,KC Surabaya,2025-05,2025-07,PDS Kombinasi,3,10129050,Tinggi,Surat Teguran Tertulis I & Jadwal Audit Wasrik Lapangan,Eskalasi Cepat: Langsung Pemeriksaan Gabungan Bersama Disnaker,"Eko Prasetyo, S.H. (Pemeriksa Madya)",Pasif / Menolak - Diberikan Teguran Keras & Diusulkan Sanksi TMP2T,Eskalasi Hukum - SKK Kejaksaan Negeri (Datun),65,1688175,Kasus Baru Pertama,2025-05-01,2025-07-01,4,Diskresi / Penyesuaian Petugas,0,0,16.67
CAS-2025-0237,BU-0455,Koperasi Cipta Agro Makmur,KC Surabaya,2025-07,2025-09,PDS Tenaga Kerja,3,12602850,Sedang,Surat Klarifikasi & Permintaan Pemutakhiran Data,Setuju Rekomendasi: Surat Klarifikasi & Permintaan Pemutakhiran Data,"Agus Hermawan, S.Kom. (Analis Wasrik)",Kooperatif - Memperbaiki Data & Mendaftarkan Seluruh Pekerja,Tuntas - Patuh Kembali Penuh,21,11972708,Kasus Baru Pertama,2025-07-01,2025-09-01,3,Sesuai Rekomendasi Sistem,0,1,95.0
CAS-2025-0238,BU-0456,PT Cipta Perkasa,KC Jakarta Pusat,2025-04,2025-06,PDS Upah,3,0,Sedang,Surat Klarifikasi & Permintaan Pemutakhiran Data,Setuju Rekomendasi: Surat Klarifikasi & Permintaan Pemutakhiran Data,"Dian Sastrowardoyo, S.H. (Pemeriksa Muda)",Kooperatif - Memperbaiki Data & Mendaftarkan Seluruh Pekerja,Tuntas - Patuh Kembali Penuh,42,0,Kasus Baru Pertama,2025-04-01,2025-06-01,3,Sesuai Rekomendasi Sistem,0,1,
CAS-2025-0239,BU-0458,PT Bumi Agro Makmur,KC Jakarta Pusat,2025-09,2025-11,Tunggakan Iuran,3,42031500,Tinggi,Surat Teguran Tertulis I & Jadwal Audit Wasrik Lapangan,Penyesuaian: Beri Dispensasi Cicilan Tunggakan (Restrukturisasi),"Eko Prasetyo, S.H. (Pemeriksa Madya)",Kooperatif - Menandatangani Komitmen Pembayaran Bertahap,Tuntas - Restrukturisasi Iuran Disetujui,47,11908925,Kasus Baru Pertama,2025-09-01,2025-11-01,4,Diskresi / Penyesuaian Petugas,0,1,28.33
CAS-2025-0240,BU-0459,CV Sejahtera Duta Abadi,KC Bandung,2025-06,2025-08,Tunggakan Iuran,3,17151750,Tinggi,Surat Teguran Tertulis I & Jadwal Audit Wasrik Lapangan,Setuju Rekomendasi: Surat Teguran Tertulis I & Jadwal Audit Wasrik Lapangan,"Indah Permata, S.E. (Pemeriksa Pertama)",Kooperatif - Menandatangani Komitmen Pembayaran Bertahap,Tuntas - Restrukturisasi Iuran Disetujui,35,4859662,Kasus Baru Pertama,2025-06-01,2025-08-01,4,Sesuai Rekomendasi Sistem,0,1,28.33
CAS-2025-0241,BU-0462,PT Inti Duta Abadi,KC Bandung,2025-07,2025-09,PDS Tenaga Kerja,3,3457350,Sedang,Surat Klarifikasi & Permintaan Pemutakhiran Data,Eskalasi Cepat: Langsung Pemeriksaan Gabungan Bersama Disnaker,"Siti Rahmawati, S.H. (Pemeriksa Muda)",Kooperatif - Memperbaiki Data & Mendaftarkan Seluruh Pekerja,Tuntas - Patuh Kembali Penuh,17,3284482,Kasus Baru Pertama,2025-07-01,2025-09-01,3,Diskresi / Penyesuaian Petugas,0,1,95.0
CAS-2025-0242,BU-0467,CV Sumber Logistik,KC Surabaya,2025-09,2025-11,PDS Upah,3,2227050,Sedang,Surat Klarifikasi & Permintaan Pemutakhiran Data,Setuju Rekomendasi: Surat Klarifikasi & Permintaan Pemutakhiran Data,"Budi Santoso, S.E. (Pemeriksa Madya)",Kooperatif - Memperbaiki Data & Mendaftarkan Seluruh Pekerja,Tuntas - Patuh Kembali Penuh,30,2115698,Kasus Baru Pertama,2025-09-01,2025-11-01,3,Sesuai Rekomendasi Sistem,0,1,95.0
CAS-2025-0243,BU-0470,Yayasan Nusantara Perkasa,KC Medan,2025-09,2025-11,PDS Tenaga Kerja,3,33377850,Sedang,Surat Klarifikasi & Permintaan Pemutakhiran Data,Setuju Rekomendasi: Surat Klarifikasi & Permintaan Pemutakhiran Data,"Budi Santoso, S.E. (Pemeriksa Madya)",Kooperatif - Memperbaiki Data & Mendaftarkan Seluruh Pekerja,Tuntas - Patuh Kembali Penuh,28,31708958,Kasus Baru Pertama,2025-09-01,2025-11-01,3,Sesuai Rekomendasi Sistem,0,1,95.0
CAS-2025-0244,BU-0472,PT Mega Pangan,KC Jakarta Pusat,2025-07,2025-09,PDS Tenaga Kerja,3,312349200,Sedang,Surat Klarifikasi & Permintaan Pemutakhiran Data,Setuju Rekomendasi: Surat Klarifikasi & Permintaan Pemutakhiran Data,"Dian Sastrowardoyo, S.H. (Pemeriksa Muda)",Kooperatif - Memperbaiki Data & Mendaftarkan Seluruh Pekerja,Tuntas - Patuh Kembali Penuh,40,296731740,Kasus Baru Pertama,2025-07-01,2025-09-01,3,Sesuai Rekomendasi Sistem,0,1,95.0
CAS-2025-0245,BU-0477,PT Wijaya Hospitality,KC Surabaya,2025-06,2025-08,Tunggakan Iuran,3,8141100,Tinggi,Surat Teguran Tertulis I & Jadwal Audit Wasrik Lapangan,Setuju Rekomendasi: Surat Teguran Tertulis I & Jadwal Audit Wasrik Lapangan,"Dewi Lestari, S.E., M.M. (Pemeriksa Madya)",Kooperatif - Menandatangani Komitmen Pembayaran Bertahap,Tuntas - Restrukturisasi Iuran Disetujui,52,2306645,Kasus Baru Pertama,2025-06-01,2025-08-01,4,Sesuai Rekomendasi Sistem,0,1,28.33
CAS-2025-0246,BU-0482,Yayasan Nusantara Plastindo,KC Tangerang,2025-08,2025-10,Tunggakan Iuran,3,27318300,Tinggi,Surat Teguran Tertulis I & Jadwal Audit Wasrik Lapangan,Setuju Rekomendasi: Surat Teguran Tertulis I & Jadwal Audit Wasrik Lapangan,"Dewi Lestari, S.E., M.M. (Pemeriksa Madya)",Kooperatif - Menandatangani Komitmen Pembayaran Bertahap,Tuntas - Restrukturisasi Iuran Disetujui,52,7740185,Kasus Baru Pertama,2025-08-01,2025-10-01,4,Sesuai Rekomendasi Sistem,0,1,28.33
CAS-2025-0247,BU-0483,PT Nusantara Lintas Samudera,KC Semarang,2025-09,2025-11,Tunggakan Iuran,3,496801350,Tinggi,Surat Teguran Tertulis I & Jadwal Audit Wasrik Lapangan,Setuju Rekomendasi: Surat Teguran Tertulis I & Jadwal Audit Wasrik Lapangan,"Indah Permata, S.E. (Pemeriksa Pertama)",Kooperatif - Menandatangani Komitmen Pembayaran Bertahap,Tuntas - Restrukturisasi Iuran Disetujui,34,140760382,Kasus Baru Pertama,2025-09-01,2025-11-01,4,Sesuai Rekomendasi Sistem,0,1,28.33
CAS-2025-0248,BU-0485,CV Wijaya Solusindo,KC Pekanbaru,2025-05,2025-07,PDS Tenaga Kerja,3,616350,Sedang,Surat Klarifikasi & Permintaan Pemutakhiran Data,Penyesuaian: Beri Dispensasi Cicilan Tunggakan (Restrukturisasi),"Dewi Lestari, S.E., M.M. (Pemeriksa Madya)",Kooperatif - Memperbaiki Data & Mendaftarkan Seluruh Pekerja,Tuntas - Patuh Kembali Penuh,14,585532,Kasus Baru Pertama,2025-05-01,2025-07-01,3,Diskresi / Penyesuaian Petugas,0,1,95.0
CAS-2025-0249,BU-0486,Yayasan Bumi Garda Utama,KC Makassar,2025-03,2025-05,PDS Upah,3,7485000,Sedang,Surat Klarifikasi & Permintaan Pemutakhiran Data,Setuju Rekomendasi: Surat Klarifikasi & Permintaan Pemutakhiran Data,"Siti Rahmawati, S.H. (Pemeriksa Muda)",Kooperatif - Memperbaiki Data & Mendaftarkan Seluruh Pekerja,Tuntas - Patuh Kembali Penuh,27,7110750,Kasus Baru Pertama,2025-03-01,2025-05-01,3,Sesuai Rekomendasi Sistem,0,1,95.0
CAS-2025-0250,BU-0487,CV Bina Lintas Samudera,KC Jakarta Pusat,2025-09,2025-11,PDS Tenaga Kerja,3,12518550,Sedang,Surat Klarifikasi & Permintaan Pemutakhiran Data,Setuju Rekomendasi: Surat Klarifikasi & Permintaan Pemutakhiran Data,"Rian Hidayat, S.H. (Pemeriksa Pertama)",Kooperatif - Memperbaiki Data & Mendaftarkan Seluruh Pekerja,Tuntas - Patuh Kembali Penuh,22,11892622,Kasus Baru Pertama,2025-09-01,2025-11-01,3,Sesuai Rekomendasi Sistem,0,1,95.0
CAS-2025-0251,BU-0490,PT Prima Duta Abadi,KC Tangerang,2025-09,2025-11,Tunggakan Iuran,3,113597250,Tinggi,Surat Teguran Tertulis I & Jadwal Audit Wasrik Lapangan,Setuju Rekomendasi: Surat Teguran Tertulis I & Jadwal Audit Wasrik Lapangan,"Nurul Hasanah, S.Ak. (Analis Kepatuhan)",Kooperatif - Menandatangani Komitmen Pembayaran Bertahap,Tuntas - Restrukturisasi Iuran Disetujui,38,32185888,Kasus Baru Pertama,2025-09-01,2025-11-01,4,Sesuai Rekomendasi Sistem,0,1,28.33
CAS-2025-0252,BU-0491,CV Cipta Ritel Modern,KC Surabaya,2025-03,2025-05,PDS Upah,3,48049950,Sedang,Surat Klarifikasi & Permintaan Pemutakhiran Data,Setuju Rekomendasi: Surat Klarifikasi & Permintaan Pemutakhiran Data,"Nurul Hasanah, S.Ak. (Analis Kepatuhan)",Kooperatif - Memperbaiki Data & Mendaftarkan Seluruh Pekerja,Tuntas - Patuh Kembali Penuh,19,45647452,Kasus Baru Pertama,2025-03-01,2025-05-01,3,Sesuai Rekomendasi Sistem,0,1,95.0
CAS-2025-0253,BU-0493,Koperasi Bumi Solusindo,KC Medan,2025-04,2025-06,PDS Upah,3,9246000,Sedang,Surat Klarifikasi & Permintaan Pemutakhiran Data,Setuju Rekomendasi: Surat Klarifikasi & Permintaan Pemutakhiran Data,"Fajar Ramadhan, S.ST. (Analis Wasrik)",Kooperatif - Memperbaiki Data & Mendaftarkan Seluruh Pekerja,Tuntas - Patuh Kembali Penuh,25,8783700,Kasus Baru Pertama,2025-04-01,2025-06-01,3,Sesuai Rekomendasi Sistem,0,1,95.0
CAS-2025-0254,BU-0494,PT Harapan Teknologi,KC Tangerang,2025-06,2025-08,Tunggakan Iuran,3,4572750,Tinggi,Surat Teguran Tertulis I & Jadwal Audit Wasrik Lapangan,Setuju Rekomendasi: Surat Teguran Tertulis I & Jadwal Audit Wasrik Lapangan,"Fajar Ramadhan, S.ST. (Analis Wasrik)",Kooperatif - Menandatangani Komitmen Pembayaran Bertahap,Tuntas - Restrukturisasi Iuran Disetujui,32,1295612,Kasus Baru Pertama,2025-06-01,2025-08-01,4,Sesuai Rekomendasi Sistem,0,1,28.33
CAS-2025-0255,BU-0499,PT Inti Hospitality,KC Surabaya,2025-07,2025-09,PDS Tenaga Kerja,3,16477200,Sedang,Surat Klarifikasi & Permintaan Pemutakhiran Data,Setuju Rekomendasi: Surat Klarifikasi & Permintaan Pemutakhiran Data,"Siti Rahmawati, S.H. (Pemeriksa Muda)",Kooperatif - Memperbaiki Data & Mendaftarkan Seluruh Pekerja,Tuntas - Patuh Kembali Penuh,35,15653340,Kasus Baru Pertama,2025-07-01,2025-09-01,3,Sesuai Rekomendasi Sistem,0,1,95.0
